"Prebivalstvo po: STAROST, SPOL , POLLETJE"

"0 let"
" ";"Moški"
" ";" ";"2010H2";11431
" ";" ";"2011H2";11377
" ";" ";"2012H2";11246
" ";" ";"2013H2";11082
" ";" ";"2014H2";10957
" ";" ";"2015H2";10755
" ";"Ženske"
" ";" ";"2010H2";10695
" ";" ";"2011H2";10728
" ";" ";"2012H2";10758
" ";" ";"2013H2";10389
" ";" ";"2014H2";10351
" ";" ";"2015H2";10210
"1 leto"
" ";"Moški"
" ";" ";"2010H2";11433
" ";" ";"2011H2";11501
" ";" ";"2012H2";11501
" ";" ";"2013H2";11313
" ";" ";"2014H2";11140
" ";" ";"2015H2";10985
" ";"Ženske"
" ";" ";"2010H2";10854
" ";" ";"2011H2";10771
" ";" ";"2012H2";10808
" ";" ";"2013H2";10803
" ";" ";"2014H2";10416
" ";" ";"2015H2";10360
"2 leti"
" ";"Moški"
" ";" ";"2010H2";10909
" ";" ";"2011H2";11433
" ";" ";"2012H2";11549
" ";" ";"2013H2";11545
" ";" ";"2014H2";11330
" ";" ";"2015H2";11151
" ";"Ženske"
" ";" ";"2010H2";10332
" ";" ";"2011H2";10853
" ";" ";"2012H2";10801
" ";" ";"2013H2";10849
" ";" ";"2014H2";10791
" ";" ";"2015H2";10414
"3 leta"
" ";"Moški"
" ";" ";"2010H2";10243
" ";" ";"2011H2";10915
" ";" ";"2012H2";11461
" ";" ";"2013H2";11601
" ";" ";"2014H2";11562
" ";" ";"2015H2";11361
" ";"Ženske"
" ";" ";"2010H2";9739
" ";" ";"2011H2";10343
" ";" ";"2012H2";10875
" ";" ";"2013H2";10851
" ";" ";"2014H2";10847
" ";" ";"2015H2";10804
"4 leta"
" ";"Moški"
" ";" ";"2010H2";9658
" ";" ";"2011H2";10265
" ";" ";"2012H2";10939
" ";" ";"2013H2";11496
" ";" ";"2014H2";11588
" ";" ";"2015H2";11553
" ";"Ženske"
" ";" ";"2010H2";9186
" ";" ";"2011H2";9749
" ";" ";"2012H2";10356
" ";" ";"2013H2";10909
" ";" ";"2014H2";10855
" ";" ";"2015H2";10852
"5 let"
" ";"Moški"
" ";" ";"2010H2";9462
" ";" ";"2011H2";9670
" ";" ";"2012H2";10284
" ";" ";"2013H2";10970
" ";" ";"2014H2";11494
" ";" ";"2015H2";11597
" ";"Ženske"
" ";" ";"2010H2";9045
" ";" ";"2011H2";9201
" ";" ";"2012H2";9775
" ";" ";"2013H2";10387
" ";" ";"2014H2";10887
" ";" ";"2015H2";10852
"6 let"
" ";"Moški"
" ";" ";"2010H2";9185
" ";" ";"2011H2";9465
" ";" ";"2012H2";9688
" ";" ";"2013H2";10311
" ";" ";"2014H2";10981
" ";" ";"2015H2";11507
" ";"Ženske"
" ";" ";"2010H2";8858
" ";" ";"2011H2";9047
" ";" ";"2012H2";9212
" ";" ";"2013H2";9807
" ";" ";"2014H2";10388
" ";" ";"2015H2";10885
"7 let"
" ";"Moški"
" ";" ";"2010H2";9334
" ";" ";"2011H2";9198
" ";" ";"2012H2";9489
" ";" ";"2013H2";9713
" ";" ";"2014H2";10319
" ";" ";"2015H2";10989
" ";"Ženske"
" ";" ";"2010H2";8573
" ";" ";"2011H2";8860
" ";" ";"2012H2";9067
" ";" ";"2013H2";9228
" ";" ";"2014H2";9803
" ";" ";"2015H2";10393
"8 let"
" ";"Moški"
" ";" ";"2010H2";9353
" ";" ";"2011H2";9348
" ";" ";"2012H2";9216
" ";" ";"2013H2";9509
" ";" ";"2014H2";9710
" ";" ";"2015H2";10321
" ";"Ženske"
" ";" ";"2010H2";8676
" ";" ";"2011H2";8581
" ";" ";"2012H2";8882
" ";" ";"2013H2";9066
" ";" ";"2014H2";9212
" ";" ";"2015H2";9807
"9 let"
" ";"Moški"
" ";" ";"2010H2";9385
" ";" ";"2011H2";9361
" ";" ";"2012H2";9354
" ";" ";"2013H2";9220
" ";" ";"2014H2";9518
" ";" ";"2015H2";9712
" ";"Ženske"
" ";" ";"2010H2";8999
" ";" ";"2011H2";8684
" ";" ";"2012H2";8591
" ";" ";"2013H2";8894
" ";" ";"2014H2";9066
" ";" ";"2015H2";9233
"10 let"
" ";"Moški"
" ";" ";"2010H2";9555
" ";" ";"2011H2";9410
" ";" ";"2012H2";9375
" ";" ";"2013H2";9365
" ";" ";"2014H2";9225
" ";" ";"2015H2";9547
" ";"Ženske"
" ";" ";"2010H2";8937
" ";" ";"2011H2";9002
" ";" ";"2012H2";8713
" ";" ";"2013H2";8619
" ";" ";"2014H2";8893
" ";" ";"2015H2";9092
"11 let"
" ";"Moški"
" ";" ";"2010H2";9383
" ";" ";"2011H2";9555
" ";" ";"2012H2";9423
" ";" ";"2013H2";9377
" ";" ";"2014H2";9389
" ";" ";"2015H2";9232
" ";"Ženske"
" ";" ";"2010H2";8768
" ";" ";"2011H2";8941
" ";" ";"2012H2";9028
" ";" ";"2013H2";8715
" ";" ";"2014H2";8615
" ";" ";"2015H2";8893
"12 let"
" ";"Moški"
" ";" ";"2010H2";9515
" ";" ";"2011H2";9398
" ";" ";"2012H2";9578
" ";" ";"2013H2";9445
" ";" ";"2014H2";9393
" ";" ";"2015H2";9408
" ";"Ženske"
" ";" ";"2010H2";8866
" ";" ";"2011H2";8781
" ";" ";"2012H2";8940
" ";" ";"2013H2";9042
" ";" ";"2014H2";8726
" ";" ";"2015H2";8624
"13 let"
" ";"Moški"
" ";" ";"2010H2";9904
" ";" ";"2011H2";9521
" ";" ";"2012H2";9420
" ";" ";"2013H2";9606
" ";" ";"2014H2";9455
" ";" ";"2015H2";9395
" ";"Ženske"
" ";" ";"2010H2";9397
" ";" ";"2011H2";8872
" ";" ";"2012H2";8785
" ";" ";"2013H2";8948
" ";" ";"2014H2";9052
" ";" ";"2015H2";8728
"14 let"
" ";"Moški"
" ";" ";"2010H2";9975
" ";" ";"2011H2";9914
" ";" ";"2012H2";9539
" ";" ";"2013H2";9440
" ";" ";"2014H2";9596
" ";" ";"2015H2";9476
" ";"Ženske"
" ";" ";"2010H2";9391
" ";" ";"2011H2";9404
" ";" ";"2012H2";8880
" ";" ";"2013H2";8788
" ";" ";"2014H2";8961
" ";" ";"2015H2";9083
"15 let"
" ";"Moški"
" ";" ";"2010H2";10068
" ";" ";"2011H2";9985
" ";" ";"2012H2";9953
" ";" ";"2013H2";9573
" ";" ";"2014H2";9461
" ";" ";"2015H2";9617
" ";"Ženske"
" ";" ";"2010H2";9614
" ";" ";"2011H2";9417
" ";" ";"2012H2";9429
" ";" ";"2013H2";8908
" ";" ";"2014H2";8794
" ";" ";"2015H2";8977
"16 let"
" ";"Moški"
" ";" ";"2010H2";10347
" ";" ";"2011H2";10096
" ";" ";"2012H2";10013
" ";" ";"2013H2";9960
" ";" ";"2014H2";9598
" ";" ";"2015H2";9493
" ";"Ženske"
" ";" ";"2010H2";9860
" ";" ";"2011H2";9623
" ";" ";"2012H2";9438
" ";" ";"2013H2";9448
" ";" ";"2014H2";8906
" ";" ";"2015H2";8816
"17 let"
" ";"Moški"
" ";" ";"2010H2";10659
" ";" ";"2011H2";10363
" ";" ";"2012H2";10108
" ";" ";"2013H2";10035
" ";" ";"2014H2";10019
" ";" ";"2015H2";9636
" ";"Ženske"
" ";" ";"2010H2";9963
" ";" ";"2011H2";9871
" ";" ";"2012H2";9636
" ";" ";"2013H2";9449
" ";" ";"2014H2";9475
" ";" ";"2015H2";8928
"18 let"
" ";"Moški"
" ";" ";"2010H2";10771
" ";" ";"2011H2";10676
" ";" ";"2012H2";10378
" ";" ";"2013H2";10135
" ";" ";"2014H2";10066
" ";" ";"2015H2";10082
" ";"Ženske"
" ";" ";"2010H2";10079
" ";" ";"2011H2";9975
" ";" ";"2012H2";9892
" ";" ";"2013H2";9655
" ";" ";"2014H2";9481
" ";" ";"2015H2";9516
"19 let"
" ";"Moški"
" ";" ";"2010H2";11705
" ";" ";"2011H2";10765
" ";" ";"2012H2";10695
" ";" ";"2013H2";10392
" ";" ";"2014H2";10159
" ";" ";"2015H2";10106
" ";"Ženske"
" ";" ";"2010H2";11235
" ";" ";"2011H2";10106
" ";" ";"2012H2";10008
" ";" ";"2013H2";9909
" ";" ";"2014H2";9715
" ";" ";"2015H2";9510
"20 let"
" ";"Moški"
" ";" ";"2010H2";12170
" ";" ";"2011H2";11715
" ";" ";"2012H2";10842
" ";" ";"2013H2";10770
" ";" ";"2014H2";10475
" ";" ";"2015H2";10222
" ";"Ženske"
" ";" ";"2010H2";11246
" ";" ";"2011H2";11308
" ";" ";"2012H2";10185
" ";" ";"2013H2";10080
" ";" ";"2014H2";10007
" ";" ";"2015H2";9774
"21 let"
" ";"Moški"
" ";" ";"2010H2";13143
" ";" ";"2011H2";12158
" ";" ";"2012H2";11746
" ";" ";"2013H2";10885
" ";" ";"2014H2";10812
" ";" ";"2015H2";10510
" ";"Ženske"
" ";" ";"2010H2";11978
" ";" ";"2011H2";11311
" ";" ";"2012H2";11380
" ";" ";"2013H2";10264
" ";" ";"2014H2";10135
" ";" ";"2015H2";10023
"22 let"
" ";"Moški"
" ";" ";"2010H2";14237
" ";" ";"2011H2";13112
" ";" ";"2012H2";12175
" ";" ";"2013H2";11793
" ";" ";"2014H2";10910
" ";" ";"2015H2";10835
" ";"Ženske"
" ";" ";"2010H2";12876
" ";" ";"2011H2";12050
" ";" ";"2012H2";11381
" ";" ";"2013H2";11428
" ";" ";"2014H2";10308
" ";" ";"2015H2";10195
"23 let"
" ";"Moški"
" ";" ";"2010H2";14092
" ";" ";"2011H2";14183
" ";" ";"2012H2";13127
" ";" ";"2013H2";12246
" ";" ";"2014H2";11829
" ";" ";"2015H2";10966
" ";"Ženske"
" ";" ";"2010H2";12880
" ";" ";"2011H2";12930
" ";" ";"2012H2";12127
" ";" ";"2013H2";11450
" ";" ";"2014H2";11481
" ";" ";"2015H2";10367
"24 let"
" ";"Moški"
" ";" ";"2010H2";13951
" ";" ";"2011H2";13999
" ";" ";"2012H2";14183
" ";" ";"2013H2";13149
" ";" ";"2014H2";12252
" ";" ";"2015H2";11864
" ";"Ženske"
" ";" ";"2010H2";12582
" ";" ";"2011H2";12926
" ";" ";"2012H2";12998
" ";" ";"2013H2";12180
" ";" ";"2014H2";11492
" ";" ";"2015H2";11473
"25 let"
" ";"Moški"
" ";" ";"2010H2";14759
" ";" ";"2011H2";13849
" ";" ";"2012H2";14006
" ";" ";"2013H2";14242
" ";" ";"2014H2";13160
" ";" ";"2015H2";12282
" ";"Ženske"
" ";" ";"2010H2";13480
" ";" ";"2011H2";12621
" ";" ";"2012H2";13015
" ";" ";"2013H2";13080
" ";" ";"2014H2";12186
" ";" ";"2015H2";11490
"26 let"
" ";"Moški"
" ";" ";"2010H2";15057
" ";" ";"2011H2";14735
" ";" ";"2012H2";13872
" ";" ";"2013H2";14098
" ";" ";"2014H2";14214
" ";" ";"2015H2";13158
" ";"Ženske"
" ";" ";"2010H2";13449
" ";" ";"2011H2";13517
" ";" ";"2012H2";12696
" ";" ";"2013H2";13082
" ";" ";"2014H2";13060
" ";" ";"2015H2";12153
"27 let"
" ";"Moški"
" ";" ";"2010H2";15286
" ";" ";"2011H2";14989
" ";" ";"2012H2";14729
" ";" ";"2013H2";13883
" ";" ";"2014H2";14111
" ";" ";"2015H2";14189
" ";"Ženske"
" ";" ";"2010H2";13868
" ";" ";"2011H2";13527
" ";" ";"2012H2";13564
" ";" ";"2013H2";12751
" ";" ";"2014H2";13070
" ";" ";"2015H2";13035
"28 let"
" ";"Moški"
" ";" ";"2010H2";16176
" ";" ";"2011H2";15233
" ";" ";"2012H2";15013
" ";" ";"2013H2";14743
" ";" ";"2014H2";13839
" ";" ";"2015H2";14110
" ";"Ženske"
" ";" ";"2010H2";14485
" ";" ";"2011H2";13928
" ";" ";"2012H2";13583
" ";" ";"2013H2";13568
" ";" ";"2014H2";12725
" ";" ";"2015H2";13051
"29 let"
" ";"Moški"
" ";" ";"2010H2";16471
" ";" ";"2011H2";16097
" ";" ";"2012H2";15238
" ";" ";"2013H2";15011
" ";" ";"2014H2";14722
" ";" ";"2015H2";13809
" ";"Ženske"
" ";" ";"2010H2";14954
" ";" ";"2011H2";14508
" ";" ";"2012H2";13939
" ";" ";"2013H2";13606
" ";" ";"2014H2";13567
" ";" ";"2015H2";12684
"30 let"
" ";"Moški"
" ";" ";"2010H2";16734
" ";" ";"2011H2";16398
" ";" ";"2012H2";16069
" ";" ";"2013H2";15269
" ";" ";"2014H2";14981
" ";" ";"2015H2";14674
" ";"Ženske"
" ";" ";"2010H2";14927
" ";" ";"2011H2";14991
" ";" ";"2012H2";14532
" ";" ";"2013H2";13966
" ";" ";"2014H2";13570
" ";" ";"2015H2";13551
"31 let"
" ";"Moški"
" ";" ";"2010H2";16868
" ";" ";"2011H2";16663
" ";" ";"2012H2";16369
" ";" ";"2013H2";16078
" ";" ";"2014H2";15197
" ";" ";"2015H2";14931
" ";"Ženske"
" ";" ";"2010H2";15174
" ";" ";"2011H2";14961
" ";" ";"2012H2";14992
" ";" ";"2013H2";14516
" ";" ";"2014H2";13947
" ";" ";"2015H2";13562
"32 let"
" ";"Moški"
" ";" ";"2010H2";16662
" ";" ";"2011H2";16788
" ";" ";"2012H2";16662
" ";" ";"2013H2";16393
" ";" ";"2014H2";16073
" ";" ";"2015H2";15242
" ";"Ženske"
" ";" ";"2010H2";14676
" ";" ";"2011H2";15173
" ";" ";"2012H2";14981
" ";" ";"2013H2";14973
" ";" ";"2014H2";14473
" ";" ";"2015H2";13918
"33 let"
" ";"Moški"
" ";" ";"2010H2";16471
" ";" ";"2011H2";16613
" ";" ";"2012H2";16774
" ";" ";"2013H2";16673
" ";" ";"2014H2";16341
" ";" ";"2015H2";16034
" ";"Ženske"
" ";" ";"2010H2";15050
" ";" ";"2011H2";14684
" ";" ";"2012H2";15186
" ";" ";"2013H2";14935
" ";" ";"2014H2";14940
" ";" ";"2015H2";14444
"34 let"
" ";"Moški"
" ";" ";"2010H2";16518
" ";" ";"2011H2";16426
" ";" ";"2012H2";16607
" ";" ";"2013H2";16780
" ";" ";"2014H2";16661
" ";" ";"2015H2";16293
" ";"Ženske"
" ";" ";"2010H2";15211
" ";" ";"2011H2";15068
" ";" ";"2012H2";14709
" ";" ";"2013H2";15145
" ";" ";"2014H2";14910
" ";" ";"2015H2";14918
"35 let"
" ";"Moški"
" ";" ";"2010H2";15949
" ";" ";"2011H2";16475
" ";" ";"2012H2";16391
" ";" ";"2013H2";16603
" ";" ";"2014H2";16733
" ";" ";"2015H2";16636
" ";"Ženske"
" ";" ";"2010H2";14539
" ";" ";"2011H2";15213
" ";" ";"2012H2";15076
" ";" ";"2013H2";14663
" ";" ";"2014H2";15129
" ";" ";"2015H2";14897
"36 let"
" ";"Moški"
" ";" ";"2010H2";15788
" ";" ";"2011H2";15893
" ";" ";"2012H2";16446
" ";" ";"2013H2";16390
" ";" ";"2014H2";16566
" ";" ";"2015H2";16722
" ";"Ženske"
" ";" ";"2010H2";14215
" ";" ";"2011H2";14537
" ";" ";"2012H2";15232
" ";" ";"2013H2";15031
" ";" ";"2014H2";14637
" ";" ";"2015H2";15113
"37 let"
" ";"Moški"
" ";" ";"2010H2";15934
" ";" ";"2011H2";15718
" ";" ";"2012H2";15874
" ";" ";"2013H2";16446
" ";" ";"2014H2";16358
" ";" ";"2015H2";16559
" ";"Ženske"
" ";" ";"2010H2";14429
" ";" ";"2011H2";14242
" ";" ";"2012H2";14529
" ";" ";"2013H2";15203
" ";" ";"2014H2";15005
" ";" ";"2015H2";14624
"38 let"
" ";"Moški"
" ";" ";"2010H2";15702
" ";" ";"2011H2";15874
" ";" ";"2012H2";15706
" ";" ";"2013H2";15850
" ";" ";"2014H2";16414
" ";" ";"2015H2";16320
" ";"Ženske"
" ";" ";"2010H2";14346
" ";" ";"2011H2";14450
" ";" ";"2012H2";14230
" ";" ";"2013H2";14493
" ";" ";"2014H2";15190
" ";" ";"2015H2";15025
"39 let"
" ";"Moški"
" ";" ";"2010H2";14737
" ";" ";"2011H2";15643
" ";" ";"2012H2";15847
" ";" ";"2013H2";15701
" ";" ";"2014H2";15832
" ";" ";"2015H2";16390
" ";"Ženske"
" ";" ";"2010H2";13708
" ";" ";"2011H2";14358
" ";" ";"2012H2";14450
" ";" ";"2013H2";14207
" ";" ";"2014H2";14465
" ";" ";"2015H2";15203
"40 let"
" ";"Moški"
" ";" ";"2010H2";15069
" ";" ";"2011H2";14675
" ";" ";"2012H2";15643
" ";" ";"2013H2";15828
" ";" ";"2014H2";15675
" ";" ";"2015H2";15793
" ";"Ženske"
" ";" ";"2010H2";13838
" ";" ";"2011H2";13733
" ";" ";"2012H2";14361
" ";" ";"2013H2";14414
" ";" ";"2014H2";14208
" ";" ";"2015H2";14445
"41 let"
" ";"Moški"
" ";" ";"2010H2";15082
" ";" ";"2011H2";14990
" ";" ";"2012H2";14616
" ";" ";"2013H2";15599
" ";" ";"2014H2";15775
" ";" ";"2015H2";15663
" ";"Ženske"
" ";" ";"2010H2";14175
" ";" ";"2011H2";13834
" ";" ";"2012H2";13721
" ";" ";"2013H2";14347
" ";" ";"2014H2";14399
" ";" ";"2015H2";14208
"42 let"
" ";"Moški"
" ";" ";"2010H2";15642
" ";" ";"2011H2";15030
" ";" ";"2012H2";14937
" ";" ";"2013H2";14608
" ";" ";"2014H2";15558
" ";" ";"2015H2";15760
" ";"Ženske"
" ";" ";"2010H2";14928
" ";" ";"2011H2";14201
" ";" ";"2012H2";13839
" ";" ";"2013H2";13699
" ";" ";"2014H2";14348
" ";" ";"2015H2";14390
"43 let"
" ";"Moški"
" ";" ";"2010H2";16286
" ";" ";"2011H2";15567
" ";" ";"2012H2";14985
" ";" ";"2013H2";14939
" ";" ";"2014H2";14591
" ";" ";"2015H2";15563
" ";"Ženske"
" ";" ";"2010H2";15649
" ";" ";"2011H2";14918
" ";" ";"2012H2";14178
" ";" ";"2013H2";13810
" ";" ";"2014H2";13667
" ";" ";"2015H2";14336
"44 let"
" ";"Moški"
" ";" ";"2010H2";16365
" ";" ";"2011H2";16211
" ";" ";"2012H2";15537
" ";" ";"2013H2";14968
" ";" ";"2014H2";14908
" ";" ";"2015H2";14553
" ";"Ženske"
" ";" ";"2010H2";15774
" ";" ";"2011H2";15636
" ";" ";"2012H2";14918
" ";" ";"2013H2";14146
" ";" ";"2014H2";13790
" ";" ";"2015H2";13670
"45 let"
" ";"Moški"
" ";" ";"2010H2";16068
" ";" ";"2011H2";16266
" ";" ";"2012H2";16166
" ";" ";"2013H2";15499
" ";" ";"2014H2";14960
" ";" ";"2015H2";14873
" ";"Ženske"
" ";" ";"2010H2";15621
" ";" ";"2011H2";15748
" ";" ";"2012H2";15612
" ";" ";"2013H2";14899
" ";" ";"2014H2";14129
" ";" ";"2015H2";13772
"46 let"
" ";"Moški"
" ";" ";"2010H2";15860
" ";" ";"2011H2";15994
" ";" ";"2012H2";16206
" ";" ";"2013H2";16118
" ";" ";"2014H2";15476
" ";" ";"2015H2";14941
" ";"Ženske"
" ";" ";"2010H2";15128
" ";" ";"2011H2";15594
" ";" ";"2012H2";15729
" ";" ";"2013H2";15571
" ";" ";"2014H2";14878
" ";" ";"2015H2";14096
"47 let"
" ";"Moški"
" ";" ";"2010H2";16088
" ";" ";"2011H2";15808
" ";" ";"2012H2";15929
" ";" ";"2013H2";16167
" ";" ";"2014H2";16085
" ";" ";"2015H2";15402
" ";"Ženske"
" ";" ";"2010H2";15302
" ";" ";"2011H2";15114
" ";" ";"2012H2";15575
" ";" ";"2013H2";15684
" ";" ";"2014H2";15554
" ";" ";"2015H2";14870
"48 let"
" ";"Moški"
" ";" ";"2010H2";16215
" ";" ";"2011H2";15986
" ";" ";"2012H2";15733
" ";" ";"2013H2";15882
" ";" ";"2014H2";16175
" ";" ";"2015H2";16044
" ";"Ženske"
" ";" ";"2010H2";15330
" ";" ";"2011H2";15271
" ";" ";"2012H2";15097
" ";" ";"2013H2";15530
" ";" ";"2014H2";15675
" ";" ";"2015H2";15536
"49 let"
" ";"Moški"
" ";" ";"2010H2";15526
" ";" ";"2011H2";16112
" ";" ";"2012H2";15900
" ";" ";"2013H2";15669
" ";" ";"2014H2";15863
" ";" ";"2015H2";16105
" ";"Ženske"
" ";" ";"2010H2";15246
" ";" ";"2011H2";15302
" ";" ";"2012H2";15224
" ";" ";"2013H2";15048
" ";" ";"2014H2";15495
" ";" ";"2015H2";15654
"50 let"
" ";"Moški"
" ";" ";"2010H2";15650
" ";" ";"2011H2";15430
" ";" ";"2012H2";16059
" ";" ";"2013H2";15810
" ";" ";"2014H2";15630
" ";" ";"2015H2";15821
" ";"Ženske"
" ";" ";"2010H2";15031
" ";" ";"2011H2";15228
" ";" ";"2012H2";15267
" ";" ";"2013H2";15178
" ";" ";"2014H2";15023
" ";" ";"2015H2";15463
"51 let"
" ";"Moški"
" ";" ";"2010H2";15698
" ";" ";"2011H2";15558
" ";" ";"2012H2";15362
" ";" ";"2013H2";15979
" ";" ";"2014H2";15793
" ";" ";"2015H2";15547
" ";"Ženske"
" ";" ";"2010H2";14823
" ";" ";"2011H2";15005
" ";" ";"2012H2";15193
" ";" ";"2013H2";15234
" ";" ";"2014H2";15147
" ";" ";"2015H2";14992
"52 let"
" ";"Moški"
" ";" ";"2010H2";15259
" ";" ";"2011H2";15578
" ";" ";"2012H2";15451
" ";" ";"2013H2";15268
" ";" ";"2014H2";15869
" ";" ";"2015H2";15696
" ";"Ženske"
" ";" ";"2010H2";14936
" ";" ";"2011H2";14792
" ";" ";"2012H2";14948
" ";" ";"2013H2";15151
" ";" ";"2014H2";15186
" ";" ";"2015H2";15127
"53 let"
" ";"Moški"
" ";" ";"2010H2";16210
" ";" ";"2011H2";15144
" ";" ";"2012H2";15494
" ";" ";"2013H2";15368
" ";" ";"2014H2";15151
" ";" ";"2015H2";15775
" ";"Ženske"
" ";" ";"2010H2";15473
" ";" ";"2011H2";14902
" ";" ";"2012H2";14734
" ";" ";"2013H2";14899
" ";" ";"2014H2";15113
" ";" ";"2015H2";15145
"54 let"
" ";"Moški"
" ";" ";"2010H2";16081
" ";" ";"2011H2";16100
" ";" ";"2012H2";15013
" ";" ";"2013H2";15406
" ";" ";"2014H2";15295
" ";" ";"2015H2";15085
" ";"Ženske"
" ";" ";"2010H2";15376
" ";" ";"2011H2";15435
" ";" ";"2012H2";14855
" ";" ";"2013H2";14686
" ";" ";"2014H2";14834
" ";" ";"2015H2";15071
"55 let"
" ";"Moški"
" ";" ";"2010H2";16212
" ";" ";"2011H2";15937
" ";" ";"2012H2";15939
" ";" ";"2013H2";14889
" ";" ";"2014H2";15306
" ";" ";"2015H2";15180
" ";"Ženske"
" ";" ";"2010H2";15561
" ";" ";"2011H2";15330
" ";" ";"2012H2";15379
" ";" ";"2013H2";14797
" ";" ";"2014H2";14647
" ";" ";"2015H2";14794
"56 let"
" ";"Moški"
" ";" ";"2010H2";15623
" ";" ";"2011H2";16056
" ";" ";"2012H2";15792
" ";" ";"2013H2";15802
" ";" ";"2014H2";14786
" ";" ";"2015H2";15200
" ";"Ženske"
" ";" ";"2010H2";14816
" ";" ";"2011H2";15512
" ";" ";"2012H2";15242
" ";" ";"2013H2";15301
" ";" ";"2014H2";14745
" ";" ";"2015H2";14584
"57 let"
" ";"Moški"
" ";" ";"2010H2";15871
" ";" ";"2011H2";15465
" ";" ";"2012H2";15893
" ";" ";"2013H2";15657
" ";" ";"2014H2";15669
" ";" ";"2015H2";14666
" ";"Ženske"
" ";" ";"2010H2";14935
" ";" ";"2011H2";14756
" ";" ";"2012H2";15430
" ";" ";"2013H2";15137
" ";" ";"2014H2";15237
" ";" ";"2015H2";14697
"58 let"
" ";"Moški"
" ";" ";"2010H2";14607
" ";" ";"2011H2";15689
" ";" ";"2012H2";15286
" ";" ";"2013H2";15672
" ";" ";"2014H2";15484
" ";" ";"2015H2";15507
" ";"Ženske"
" ";" ";"2010H2";14279
" ";" ";"2011H2";14896
" ";" ";"2012H2";14639
" ";" ";"2013H2";15351
" ";" ";"2014H2";15068
" ";" ";"2015H2";15176
"59 let"
" ";"Moški"
" ";" ";"2010H2";14772
" ";" ";"2011H2";14400
" ";" ";"2012H2";15516
" ";" ";"2013H2";15111
" ";" ";"2014H2";15510
" ";" ";"2015H2";15300
" ";"Ženske"
" ";" ";"2010H2";14461
" ";" ";"2011H2";14232
" ";" ";"2012H2";14804
" ";" ";"2013H2";14545
" ";" ";"2014H2";15287
" ";" ";"2015H2";14988
"60 let"
" ";"Moški"
" ";" ";"2010H2";13988
" ";" ";"2011H2";14551
" ";" ";"2012H2";14201
" ";" ";"2013H2";15286
" ";" ";"2014H2";14883
" ";" ";"2015H2";15314
" ";"Ženske"
" ";" ";"2010H2";13732
" ";" ";"2011H2";14404
" ";" ";"2012H2";14141
" ";" ";"2013H2";14690
" ";" ";"2014H2";14456
" ";" ";"2015H2";15203
"61 let"
" ";"Moški"
" ";" ";"2010H2";12304
" ";" ";"2011H2";13791
" ";" ";"2012H2";14339
" ";" ";"2013H2";13972
" ";" ";"2014H2";15068
" ";" ";"2015H2";14662
" ";"Ženske"
" ";" ";"2010H2";12717
" ";" ";"2011H2";13663
" ";" ";"2012H2";14302
" ";" ";"2013H2";14037
" ";" ";"2014H2";14620
" ";" ";"2015H2";14391
"62 let"
" ";"Moški"
" ";" ";"2010H2";11807
" ";" ";"2011H2";12097
" ";" ";"2012H2";13589
" ";" ";"2013H2";14132
" ";" ";"2014H2";13770
" ";" ";"2015H2";14821
" ";"Ženske"
" ";" ";"2010H2";12005
" ";" ";"2011H2";12635
" ";" ";"2012H2";13571
" ";" ";"2013H2";14162
" ";" ";"2014H2";13933
" ";" ";"2015H2";14528
"63 let"
" ";"Moški"
" ";" ";"2010H2";11422
" ";" ";"2011H2";11599
" ";" ";"2012H2";11883
" ";" ";"2013H2";13363
" ";" ";"2014H2";13940
" ";" ";"2015H2";13554
" ";"Ženske"
" ";" ";"2010H2";12164
" ";" ";"2011H2";11939
" ";" ";"2012H2";12547
" ";" ";"2013H2";13444
" ";" ";"2014H2";14053
" ";" ";"2015H2";13855
"64 let"
" ";"Moški"
" ";" ";"2010H2";7993
" ";" ";"2011H2";11218
" ";" ";"2012H2";11402
" ";" ";"2013H2";11683
" ";" ";"2014H2";13120
" ";" ";"2015H2";13675
" ";"Ženske"
" ";" ";"2010H2";8936
" ";" ";"2011H2";12083
" ";" ";"2012H2";11861
" ";" ";"2013H2";12444
" ";" ";"2014H2";13360
" ";" ";"2015H2";13952
"65 let"
" ";"Moški"
" ";" ";"2010H2";8043
" ";" ";"2011H2";7867
" ";" ";"2012H2";11025
" ";" ";"2013H2";11148
" ";" ";"2014H2";11486
" ";" ";"2015H2";12888
" ";"Ženske"
" ";" ";"2010H2";8660
" ";" ";"2011H2";8879
" ";" ";"2012H2";12003
" ";" ";"2013H2";11747
" ";" ";"2014H2";12325
" ";" ";"2015H2";13260
"66 let"
" ";"Moški"
" ";" ";"2010H2";9687
" ";" ";"2011H2";7881
" ";" ";"2012H2";7719
" ";" ";"2013H2";10818
" ";" ";"2014H2";10975
" ";" ";"2015H2";11265
" ";"Ženske"
" ";" ";"2010H2";11047
" ";" ";"2011H2";8591
" ";" ";"2012H2";8809
" ";" ";"2013H2";11888
" ";" ";"2014H2";11687
" ";" ";"2015H2";12238
"67 let"
" ";"Moški"
" ";" ";"2010H2";9364
" ";" ";"2011H2";9465
" ";" ";"2012H2";7694
" ";" ";"2013H2";7548
" ";" ";"2014H2";10589
" ";" ";"2015H2";10758
" ";"Ženske"
" ";" ";"2010H2";10961
" ";" ";"2011H2";10944
" ";" ";"2012H2";8511
" ";" ";"2013H2";8707
" ";" ";"2014H2";11808
" ";" ";"2015H2";11575
"68 let"
" ";"Moški"
" ";" ";"2010H2";9189
" ";" ";"2011H2";9177
" ";" ";"2012H2";9278
" ";" ";"2013H2";7506
" ";" ";"2014H2";7428
" ";" ";"2015H2";10378
" ";"Ženske"
" ";" ";"2010H2";10788
" ";" ";"2011H2";10867
" ";" ";"2012H2";10846
" ";" ";"2013H2";8424
" ";" ";"2014H2";8615
" ";" ";"2015H2";11688
"69 let"
" ";"Moški"
" ";" ";"2010H2";8811
" ";" ";"2011H2";8971
" ";" ";"2012H2";8948
" ";" ";"2013H2";9037
" ";" ";"2014H2";7352
" ";" ";"2015H2";7238
" ";"Ženske"
" ";" ";"2010H2";10404
" ";" ";"2011H2";10664
" ";" ";"2012H2";10736
" ";" ";"2013H2";10725
" ";" ";"2014H2";8343
" ";" ";"2015H2";8523
"70 let"
" ";"Moški"
" ";" ";"2010H2";8626
" ";" ";"2011H2";8612
" ";" ";"2012H2";8754
" ";" ";"2013H2";8692
" ";" ";"2014H2";8810
" ";" ";"2015H2";7164
" ";"Ženske"
" ";" ";"2010H2";10421
" ";" ";"2011H2";10302
" ";" ";"2012H2";10541
" ";" ";"2013H2";10573
" ";" ";"2014H2";10606
" ";" ";"2015H2";8239
"71 let"
" ";"Moški"
" ";" ";"2010H2";7858
" ";" ";"2011H2";8373
" ";" ";"2012H2";8349
" ";" ";"2013H2";8507
" ";" ";"2014H2";8464
" ";" ";"2015H2";8556
" ";"Ženske"
" ";" ";"2010H2";9862
" ";" ";"2011H2";10284
" ";" ";"2012H2";10163
" ";" ";"2013H2";10396
" ";" ";"2014H2";10457
" ";" ";"2015H2";10471
"72 let"
" ";"Moški"
" ";" ";"2010H2";7322
" ";" ";"2011H2";7622
" ";" ";"2012H2";8104
" ";" ";"2013H2";8092
" ";" ";"2014H2";8266
" ";" ";"2015H2";8236
" ";"Ženske"
" ";" ";"2010H2";9475
" ";" ";"2011H2";9739
" ";" ";"2012H2";10127
" ";" ";"2013H2";10019
" ";" ";"2014H2";10238
" ";" ";"2015H2";10308
"73 let"
" ";"Moški"
" ";" ";"2010H2";7380
" ";" ";"2011H2";7088
" ";" ";"2012H2";7377
" ";" ";"2013H2";7826
" ";" ";"2014H2";7859
" ";" ";"2015H2";7974
" ";"Ženske"
" ";" ";"2010H2";9761
" ";" ";"2011H2";9339
" ";" ";"2012H2";9585
" ";" ";"2013H2";9982
" ";" ";"2014H2";9872
" ";" ";"2015H2";10093
"74 let"
" ";"Moški"
" ";" ";"2010H2";6864
" ";" ";"2011H2";7087
" ";" ";"2012H2";6827
" ";" ";"2013H2";7118
" ";" ";"2014H2";7560
" ";" ";"2015H2";7583
" ";"Ženske"
" ";" ";"2010H2";9337
" ";" ";"2011H2";9592
" ";" ";"2012H2";9174
" ";" ";"2013H2";9406
" ";" ";"2014H2";9812
" ";" ";"2015H2";9698
"75 let"
" ";"Moški"
" ";" ";"2010H2";6261
" ";" ";"2011H2";6590
" ";" ";"2012H2";6808
" ";" ";"2013H2";6562
" ";" ";"2014H2";6852
" ";" ";"2015H2";7264
" ";"Ženske"
" ";" ";"2010H2";9441
" ";" ";"2011H2";9162
" ";" ";"2012H2";9420
" ";" ";"2013H2";8990
" ";" ";"2014H2";9223
" ";" ";"2015H2";9631
"76 let"
" ";"Moški"
" ";" ";"2010H2";5815
" ";" ";"2011H2";5966
" ";" ";"2012H2";6304
" ";" ";"2013H2";6495
" ";" ";"2014H2";6293
" ";" ";"2015H2";6585
" ";"Ženske"
" ";" ";"2010H2";9118
" ";" ";"2011H2";9225
" ";" ";"2012H2";8923
" ";" ";"2013H2";9225
" ";" ";"2014H2";8792
" ";" ";"2015H2";9058
"77 let"
" ";"Moški"
" ";" ";"2010H2";5460
" ";" ";"2011H2";5532
" ";" ";"2012H2";5695
" ";" ";"2013H2";6001
" ";" ";"2014H2";6184
" ";" ";"2015H2";6022
" ";"Ženske"
" ";" ";"2010H2";9235
" ";" ";"2011H2";8849
" ";" ";"2012H2";8969
" ";" ";"2013H2";8660
" ";" ";"2014H2";8994
" ";" ";"2015H2";8596
"78 let"
" ";"Moški"
" ";" ";"2010H2";5198
" ";" ";"2011H2";5180
" ";" ";"2012H2";5215
" ";" ";"2013H2";5400
" ";" ";"2014H2";5712
" ";" ";"2015H2";5926
" ";"Ženske"
" ";" ";"2010H2";8676
" ";" ";"2011H2";8951
" ";" ";"2012H2";8571
" ";" ";"2013H2";8725
" ";" ";"2014H2";8435
" ";" ";"2015H2";8734
"79 let"
" ";"Moški"
" ";" ";"2010H2";4852
" ";" ";"2011H2";4879
" ";" ";"2012H2";4863
" ";" ";"2013H2";4916
" ";" ";"2014H2";5100
" ";" ";"2015H2";5414
" ";"Ženske"
" ";" ";"2010H2";8680
" ";" ";"2011H2";8351
" ";" ";"2012H2";8631
" ";" ";"2013H2";8260
" ";" ";"2014H2";8429
" ";" ";"2015H2";8196
"80 let"
" ";"Moški"
" ";" ";"2010H2";4264
" ";" ";"2011H2";4531
" ";" ";"2012H2";4530
" ";" ";"2013H2";4537
" ";" ";"2014H2";4621
" ";" ";"2015H2";4798
" ";"Ženske"
" ";" ";"2010H2";7909
" ";" ";"2011H2";8308
" ";" ";"2012H2";7965
" ";" ";"2013H2";8299
" ";" ";"2014H2";7958
" ";" ";"2015H2";8101
"81 let"
" ";"Moški"
" ";" ";"2010H2";3625
" ";" ";"2011H2";3920
" ";" ";"2012H2";4199
" ";" ";"2013H2";4176
" ";" ";"2014H2";4196
" ";" ";"2015H2";4342
" ";"Ženske"
" ";" ";"2010H2";7326
" ";" ";"2011H2";7544
" ";" ";"2012H2";7937
" ";" ";"2013H2";7575
" ";" ";"2014H2";7947
" ";" ";"2015H2";7616
"82 let"
" ";"Moški"
" ";" ";"2010H2";3164
" ";" ";"2011H2";3303
" ";" ";"2012H2";3600
" ";" ";"2013H2";3868
" ";" ";"2014H2";3852
" ";" ";"2015H2";3866
" ";"Ženske"
" ";" ";"2010H2";6752
" ";" ";"2011H2";6952
" ";" ";"2012H2";7122
" ";" ";"2013H2";7520
" ";" ";"2014H2";7223
" ";" ";"2015H2";7557
"83 let"
" ";"Moški"
" ";" ";"2010H2";2566
" ";" ";"2011H2";2882
" ";" ";"2012H2";2974
" ";" ";"2013H2";3252
" ";" ";"2014H2";3511
" ";" ";"2015H2";3525
" ";"Ženske"
" ";" ";"2010H2";6296
" ";" ";"2011H2";6345
" ";" ";"2012H2";6521
" ";" ";"2013H2";6704
" ";" ";"2014H2";7084
" ";" ";"2015H2";6809
"84 let"
" ";"Moški"
" ";" ";"2010H2";2066
" ";" ";"2011H2";2297
" ";" ";"2012H2";2590
" ";" ";"2013H2";2704
" ";" ";"2014H2";2934
" ";" ";"2015H2";3135
" ";"Ženske"
" ";" ";"2010H2";5741
" ";" ";"2011H2";5876
" ";" ";"2012H2";5917
" ";" ";"2013H2";6069
" ";" ";"2014H2";6293
" ";" ";"2015H2";6653
"85 let"
" ";"Moški"
" ";" ";"2010H2";1735
" ";" ";"2011H2";1853
" ";" ";"2012H2";2059
" ";" ";"2013H2";2333
" ";" ";"2014H2";2377
" ";" ";"2015H2";2599
" ";"Ženske"
" ";" ";"2010H2";5078
" ";" ";"2011H2";5303
" ";" ";"2012H2";5383
" ";" ";"2013H2";5459
" ";" ";"2014H2";5618
" ";" ";"2015H2";5799
"86 let"
" ";"Moški"
" ";" ";"2010H2";1432
" ";" ";"2011H2";1506
" ";" ";"2012H2";1635
" ";" ";"2013H2";1793
" ";" ";"2014H2";2073
" ";" ";"2015H2";2075
" ";"Ženske"
" ";" ";"2010H2";4532
" ";" ";"2011H2";4629
" ";" ";"2012H2";4847
" ";" ";"2013H2";4907
" ";" ";"2014H2";5008
" ";" ";"2015H2";5134
"87 let"
" ";"Moški"
" ";" ";"2010H2";1234
" ";" ";"2011H2";1218
" ";" ";"2012H2";1270
" ";" ";"2013H2";1414
" ";" ";"2014H2";1566
" ";" ";"2015H2";1805
" ";"Ženske"
" ";" ";"2010H2";3821
" ";" ";"2011H2";4020
" ";" ";"2012H2";4126
" ";" ";"2013H2";4391
" ";" ";"2014H2";4424
" ";" ";"2015H2";4514
"88 let"
" ";"Moški"
" ";" ";"2010H2";995
" ";" ";"2011H2";1058
" ";" ";"2012H2";1018
" ";" ";"2013H2";1097
" ";" ";"2014H2";1216
" ";" ";"2015H2";1338
" ";"Ženske"
" ";" ";"2010H2";3316
" ";" ";"2011H2";3361
" ";" ";"2012H2";3506
" ";" ";"2013H2";3653
" ";" ";"2014H2";3887
" ";" ";"2015H2";3915
"89 let"
" ";"Moški"
" ";" ";"2010H2";685
" ";" ";"2011H2";824
" ";" ";"2012H2";880
" ";" ";"2013H2";838
" ";" ";"2014H2";928
" ";" ";"2015H2";1019
" ";"Ženske"
" ";" ";"2010H2";2382
" ";" ";"2011H2";2874
" ";" ";"2012H2";2892
" ";" ";"2013H2";3034
" ";" ";"2014H2";3208
" ";" ";"2015H2";3374
"90 let"
" ";"Moški"
" ";" ";"2010H2";548
" ";" ";"2011H2";570
" ";" ";"2012H2";670
" ";" ";"2013H2";731
" ";" ";"2014H2";700
" ";" ";"2015H2";782
" ";"Ženske"
" ";" ";"2010H2";1951
" ";" ";"2011H2";2048
" ";" ";"2012H2";2442
" ";" ";"2013H2";2473
" ";" ";"2014H2";2600
" ";" ";"2015H2";2756
"91 let"
" ";"Moški"
" ";" ";"2010H2";259
" ";" ";"2011H2";425
" ";" ";"2012H2";458
" ";" ";"2013H2";545
" ";" ";"2014H2";594
" ";" ";"2015H2";559
" ";"Ženske"
" ";" ";"2010H2";1051
" ";" ";"2011H2";1610
" ";" ";"2012H2";1678
" ";" ";"2013H2";2036
" ";" ";"2014H2";2106
" ";" ";"2015H2";2187
"92 let"
" ";"Moški"
" ";" ";"2010H2";160
" ";" ";"2011H2";187
" ";" ";"2012H2";330
" ";" ";"2013H2";348
" ";" ";"2014H2";430
" ";" ";"2015H2";449
" ";"Ženske"
" ";" ";"2010H2";643
" ";" ";"2011H2";840
" ";" ";"2012H2";1319
" ";" ";"2013H2";1364
" ";" ";"2014H2";1664
" ";" ";"2015H2";1721
"93 let"
" ";"Moški"
" ";" ";"2010H2";156
" ";" ";"2011H2";128
" ";" ";"2012H2";139
" ";" ";"2013H2";263
" ";" ";"2014H2";267
" ";" ";"2015H2";334
" ";"Ženske"
" ";" ";"2010H2";520
" ";" ";"2011H2";505
" ";" ";"2012H2";671
" ";" ";"2013H2";1033
" ";" ";"2014H2";1109
" ";" ";"2015H2";1315
"94 let"
" ";"Moški"
" ";" ";"2010H2";85
" ";" ";"2011H2";124
" ";" ";"2012H2";91
" ";" ";"2013H2";107
" ";" ";"2014H2";208
" ";" ";"2015H2";190
" ";"Ženske"
" ";" ";"2010H2";392
" ";" ";"2011H2";404
" ";" ";"2012H2";393
" ";" ";"2013H2";526
" ";" ";"2014H2";823
" ";" ";"2015H2";863
"95 let"
" ";"Moški"
" ";" ";"2010H2";90
" ";" ";"2011H2";60
" ";" ";"2012H2";86
" ";" ";"2013H2";61
" ";" ";"2014H2";80
" ";" ";"2015H2";149
" ";"Ženske"
" ";" ";"2010H2";505
" ";" ";"2011H2";308
" ";" ";"2012H2";312
" ";" ";"2013H2";313
" ";" ";"2014H2";406
" ";" ";"2015H2";615
"96 let"
" ";"Moški"
" ";" ";"2010H2";85
" ";" ";"2011H2";59
" ";" ";"2012H2";34
" ";" ";"2013H2";61
" ";" ";"2014H2";44
" ";" ";"2015H2";57
" ";"Ženske"
" ";" ";"2010H2";370
" ";" ";"2011H2";378
" ";" ";"2012H2";221
" ";" ";"2013H2";227
" ";" ";"2014H2";235
" ";" ";"2015H2";309
"97 let"
" ";"Moški"
" ";" ";"2010H2";60
" ";" ";"2011H2";59
" ";" ";"2012H2";40
" ";" ";"2013H2";21
" ";" ";"2014H2";44
" ";" ";"2015H2";32
" ";"Ženske"
" ";" ";"2010H2";263
" ";" ";"2011H2";257
" ";" ";"2012H2";278
" ";" ";"2013H2";155
" ";" ";"2014H2";166
" ";" ";"2015H2";174
"98 let"
" ";"Moški"
" ";" ";"2010H2";39
" ";" ";"2011H2";44
" ";" ";"2012H2";31
" ";" ";"2013H2";26
" ";" ";"2014H2";18
" ";" ";"2015H2";33
" ";"Ženske"
" ";" ";"2010H2";173
" ";" ";"2011H2";183
" ";" ";"2012H2";176
" ";" ";"2013H2";182
" ";" ";"2014H2";103
" ";" ";"2015H2";116
"99 let"
" ";"Moški"
" ";" ";"2010H2";27
" ";" ";"2011H2";23
" ";" ";"2012H2";22
" ";" ";"2013H2";14
" ";" ";"2014H2";17
" ";" ";"2015H2";15
" ";"Ženske"
" ";" ";"2010H2";106
" ";" ";"2011H2";120
" ";" ";"2012H2";122
" ";" ";"2013H2";131
" ";" ";"2014H2";119
" ";" ";"2015H2";72
"100 + let"
" ";"Moški"
" ";" ";"2010H2";33
" ";" ";"2011H2";40
" ";" ";"2012H2";42
" ";" ";"2013H2";37
" ";" ";"2014H2";33
" ";" ";"2015H2";32
" ";"Ženske"
" ";" ";"2010H2";176
" ";" ";"2011H2";187
" ";" ";"2012H2";185
" ";" ";"2013H2";189
" ";" ";"2014H2";204
" ";" ";"2015H2";195

"Od objave podatkov o prebivalstvu Slovenije po 1. 1. 2008 uporabljamo "
"na Statistiènem uradu Republike Slovenije (seznam "
"HREF=http://www.stat.si/StatWeb/glavnanavigacija/podatki/prikazistaro-"
"novico?IdNovice=2319 TARGET=_blank) spremenjeno statistièno "
"definicijo prebivalstva. To pomeni prelom v èasovni vrsti podatkov, "
"zato podatki po tej definiciji, torej podatki od sredine leta 2008 "
"dalje, niso neposredno primerljivi s podatki za predhodna stanja. "
" "
"Vir: Statistièni urad Republike Slovenije."

"H1 je po stanju 1. 1. "
"H2 je po stanju 1. 7."

