"Prebivalstvo po velikih in petletnih starostnih skupinah in spolu, statistiène regije, Slovenija, letno"

"Moški"
" ";"Pomurska"
" ";" ";"0-4 let"
" ";" ";" ";"2010";2597
" ";" ";" ";"2011";2685
" ";" ";" ";"2012";2716
" ";" ";" ";"2013";2737
" ";" ";" ";"2014";2745
" ";" ";"5-9 let"
" ";" ";" ";"2010";2589
" ";" ";" ";"2011";2508
" ";" ";" ";"2012";2492
" ";" ";" ";"2013";2515
" ";" ";" ";"2014";2521
" ";" ";"10-14 let"
" ";" ";" ";"2010";2763
" ";" ";" ";"2011";2725
" ";" ";" ";"2012";2640
" ";" ";" ";"2013";2592
" ";" ";" ";"2014";2576
" ";" ";"15-19 let"
" ";" ";" ";"2010";3069
" ";" ";" ";"2011";2964
" ";" ";" ";"2012";2926
" ";" ";" ";"2013";2758
" ";" ";" ";"2014";2610
" ";" ";"20-24 let"
" ";" ";" ";"2010";3311
" ";" ";" ";"2011";3144
" ";" ";" ";"2012";3087
" ";" ";" ";"2013";3016
" ";" ";" ";"2014";2871
" ";" ";"25-29 let"
" ";" ";" ";"2010";4353
" ";" ";" ";"2011";4220
" ";" ";" ";"2012";4062
" ";" ";" ";"2013";3875
" ";" ";" ";"2014";3723
" ";" ";"30-34 let"
" ";" ";" ";"2010";4788
" ";" ";" ";"2011";4639
" ";" ";" ";"2012";4571
" ";" ";" ";"2013";4434
" ";" ";" ";"2014";4326
" ";" ";"35-39 let"
" ";" ";" ";"2010";4573
" ";" ";" ";"2011";4722
" ";" ";" ";"2012";4750
" ";" ";" ";"2013";4727
" ";" ";" ";"2014";4641
" ";" ";"40-44 let"
" ";" ";" ";"2010";4554
" ";" ";" ";"2011";4518
" ";" ";" ";"2012";4485
" ";" ";" ";"2013";4462
" ";" ";" ";"2014";4437
" ";" ";"45-49 let"
" ";" ";" ";"2010";4568
" ";" ";" ";"2011";4574
" ";" ";" ";"2012";4579
" ";" ";" ";"2013";4507
" ";" ";" ";"2014";4521
" ";" ";"50-54 let"
" ";" ";" ";"2010";4966
" ";" ";" ";"2011";4770
" ";" ";" ";"2012";4632
" ";" ";" ";"2013";4590
" ";" ";" ";"2014";4528
" ";" ";"55-59 let"
" ";" ";" ";"2010";4847
" ";" ";" ";"2011";4916
" ";" ";" ";"2012";4947
" ";" ";" ";"2013";4934
" ";" ";" ";"2014";4829
" ";" ";"60-64 let"
" ";" ";" ";"2010";3587
" ";" ";" ";"2011";3878
" ";" ";" ";"2012";4173
" ";" ";" ";"2013";4349
" ";" ";" ";"2014";4508
" ";" ";"65-69 let"
" ";" ";" ";"2010";2983
" ";" ";" ";"2011";2954
" ";" ";" ";"2012";3043
" ";" ";" ";"2013";3118
" ";" ";" ";"2014";3162
" ";" ";"70-74 let"
" ";" ";" ";"2010";1876
" ";" ";" ";"2011";1963
" ";" ";" ";"2012";2065
" ";" ";" ";"2013";2246
" ";" ";" ";"2014";2432
" ";" ";"75-79 let"
" ";" ";" ";"2010";1433
" ";" ";" ";"2011";1440
" ";" ";" ";"2012";1462
" ";" ";" ";"2013";1429
" ";" ";" ";"2014";1477
" ";" ";"80-84 let"
" ";" ";" ";"2010";887
" ";" ";" ";"2011";959
" ";" ";" ";"2012";946
" ";" ";" ";"2013";957
" ";" ";" ";"2014";954
" ";" ";"85-89 let"
" ";" ";" ";"2010";354
" ";" ";" ";"2011";374
" ";" ";" ";"2012";397
" ";" ";" ";"2013";444
" ";" ";" ";"2014";455
" ";" ";"90-94 let"
" ";" ";" ";"2010";79
" ";" ";" ";"2011";88
" ";" ";" ";"2012";93
" ";" ";" ";"2013";106
" ";" ";" ";"2014";116
" ";" ";"95-99 let"
" ";" ";" ";"2010";19
" ";" ";" ";"2011";21
" ";" ";" ";"2012";10
" ";" ";" ";"2013";5
" ";" ";" ";"2014";9
" ";" ";"100 + let"
" ";" ";" ";"2010";2
" ";" ";" ";"2011";3
" ";" ";" ";"2012";2
" ";" ";" ";"2013";4
" ";" ";" ";"2014";3
" ";"Podravska"
" ";" ";"0-4 let"
" ";" ";" ";"2010";7382
" ";" ";" ";"2011";7631
" ";" ";" ";"2012";7749
" ";" ";" ";"2013";7935
" ";" ";" ";"2014";7879
" ";" ";"5-9 let"
" ";" ";" ";"2010";6932
" ";" ";" ";"2011";6919
" ";" ";" ";"2012";6940
" ";" ";" ";"2013";6990
" ";" ";" ";"2014";7210
" ";" ";"10-14 let"
" ";" ";" ";"2010";7184
" ";" ";" ";"2011";7053
" ";" ";" ";"2012";6939
" ";" ";" ";"2013";6953
" ";" ";" ";"2014";6955
" ";" ";"15-19 let"
" ";" ";" ";"2010";8382
" ";" ";" ";"2011";8218
" ";" ";" ";"2012";8036
" ";" ";" ";"2013";7767
" ";" ";" ";"2014";7663
" ";" ";"20-24 let"
" ";" ";" ";"2010";11233
" ";" ";" ";"2011";10722
" ";" ";" ";"2012";10455
" ";" ";" ";"2013";10098
" ";" ";" ";"2014";9664
" ";" ";"25-29 let"
" ";" ";" ";"2010";11865
" ";" ";" ";"2011";11653
" ";" ";" ";"2012";11428
" ";" ";" ";"2013";11250
" ";" ";" ";"2014";11218
" ";" ";"30-34 let"
" ";" ";" ";"2010";12422
" ";" ";" ";"2011";12323
" ";" ";" ";"2012";12256
" ";" ";" ";"2013";12269
" ";" ";" ";"2014";12249
" ";" ";"35-39 let"
" ";" ";" ";"2010";12460
" ";" ";" ";"2011";12445
" ";" ";" ";"2012";12453
" ";" ";" ";"2013";12358
" ";" ";" ";"2014";12320
" ";" ";"40-44 let"
" ";" ";" ";"2010";12920
" ";" ";" ";"2011";12506
" ";" ";" ";"2012";12308
" ";" ";" ";"2013";12267
" ";" ";" ";"2014";12232
" ";" ";"45-49 let"
" ";" ";" ";"2010";12906
" ";" ";" ";"2011";12923
" ";" ";" ";"2012";12967
" ";" ";" ";"2013";12826
" ";" ";" ";"2014";12802
" ";" ";"50-54 let"
" ";" ";" ";"2010";12876
" ";" ";" ";"2011";12748
" ";" ";" ";"2012";12583
" ";" ";" ";"2013";12647
" ";" ";" ";"2014";12678
" ";" ";"55-59 let"
" ";" ";" ";"2010";12403
" ";" ";" ";"2011";12426
" ";" ";" ";"2012";12671
" ";" ";" ";"2013";12596
" ";" ";" ";"2014";12452
" ";" ";"60-64 let"
" ";" ";" ";"2010";8782
" ";" ";" ";"2011";9717
" ";" ";" ";"2012";10374
" ";" ";" ";"2013";10790
" ";" ";" ";"2014";11219
" ";" ";"65-69 let"
" ";" ";" ";"2010";8204
" ";" ";" ";"2011";7980
" ";" ";" ";"2012";7923
" ";" ";" ";"2013";7822
" ";" ";" ";"2014";7728
" ";" ";"70-74 let"
" ";" ";" ";"2010";6123
" ";" ";" ";"2011";6191
" ";" ";" ";"2012";6176
" ";" ";" ";"2013";6523
" ";" ";" ";"2014";7010
" ";" ";"75-79 let"
" ";" ";" ";"2010";4211
" ";" ";" ";"2011";4394
" ";" ";" ";"2012";4656
" ";" ";" ";"2013";4768
" ";" ";" ";"2014";4771
" ";" ";"80-84 let"
" ";" ";" ";"2010";2286
" ";" ";" ";"2011";2420
" ";" ";" ";"2012";2521
" ";" ";" ";"2013";2646
" ";" ";" ";"2014";2769
" ";" ";"85-89 let"
" ";" ";" ";"2010";861
" ";" ";" ";"2011";921
" ";" ";" ";"2012";985
" ";" ";" ";"2013";1082
" ";" ";" ";"2014";1158
" ";" ";"90-94 let"
" ";" ";" ";"2010";140
" ";" ";" ";"2011";178
" ";" ";" ";"2012";209
" ";" ";" ";"2013";251
" ";" ";" ";"2014";280
" ";" ";"95-99 let"
" ";" ";" ";"2010";42
" ";" ";" ";"2011";31
" ";" ";" ";"2012";27
" ";" ";" ";"2013";25
" ";" ";" ";"2014";22
" ";" ";"100 + let"
" ";" ";" ";"2010";8
" ";" ";" ";"2011";7
" ";" ";" ";"2012";7
" ";" ";" ";"2013";6
" ";" ";" ";"2014";6
" ";"Koroška"
" ";" ";"0-4 let"
" ";" ";" ";"2010";1796
" ";" ";" ";"2011";1821
" ";" ";" ";"2012";1844
" ";" ";" ";"2013";1859
" ";" ";" ";"2014";1799
" ";" ";"5-9 let"
" ";" ";" ";"2010";1649
" ";" ";" ";"2011";1606
" ";" ";" ";"2012";1620
" ";" ";" ";"2013";1627
" ";" ";" ";"2014";1727
" ";" ";"10-14 let"
" ";" ";" ";"2010";1799
" ";" ";" ";"2011";1808
" ";" ";" ";"2012";1754
" ";" ";" ";"2013";1724
" ";" ";" ";"2014";1632
" ";" ";"15-19 let"
" ";" ";" ";"2010";2007
" ";" ";" ";"2011";1937
" ";" ";" ";"2012";1881
" ";" ";" ";"2013";1832
" ";" ";" ";"2014";1769
" ";" ";"20-24 let"
" ";" ";" ";"2010";2363
" ";" ";" ";"2011";2182
" ";" ";" ";"2012";2081
" ";" ";" ";"2013";1965
" ";" ";" ";"2014";1791
" ";" ";"25-29 let"
" ";" ";" ";"2010";2762
" ";" ";" ";"2011";2739
" ";" ";" ";"2012";2634
" ";" ";" ";"2013";2588
" ";" ";" ";"2014";2519
" ";" ";"30-34 let"
" ";" ";" ";"2010";2890
" ";" ";" ";"2011";2879
" ";" ";" ";"2012";2859
" ";" ";" ";"2013";2783
" ";" ";" ";"2014";2700
" ";" ";"35-39 let"
" ";" ";" ";"2010";2665
" ";" ";" ";"2011";2687
" ";" ";" ";"2012";2696
" ";" ";" ";"2013";2735
" ";" ";" ";"2014";2765
" ";" ";"40-44 let"
" ";" ";" ";"2010";2799
" ";" ";" ";"2011";2689
" ";" ";" ";"2012";2637
" ";" ";" ";"2013";2600
" ";" ";" ";"2014";2580
" ";" ";"45-49 let"
" ";" ";" ";"2010";2998
" ";" ";" ";"2011";2987
" ";" ";" ";"2012";2998
" ";" ";" ";"2013";2955
" ";" ";" ";"2014";2926
" ";" ";"50-54 let"
" ";" ";" ";"2010";3235
" ";" ";" ";"2011";3116
" ";" ";" ";"2012";3011
" ";" ";" ";"2013";2956
" ";" ";" ";"2014";2887
" ";" ";"55-59 let"
" ";" ";" ";"2010";2875
" ";" ";" ";"2011";2970
" ";" ";" ";"2012";3098
" ";" ";" ";"2013";3137
" ";" ";" ";"2014";3094
" ";" ";"60-64 let"
" ";" ";" ";"2010";1991
" ";" ";" ";"2011";2196
" ";" ";" ";"2012";2327
" ";" ";" ";"2013";2422
" ";" ";" ";"2014";2583
" ";" ";"65-69 let"
" ";" ";" ";"2010";1723
" ";" ";" ";"2011";1648
" ";" ";" ";"2012";1620
" ";" ";" ";"2013";1701
" ";" ";" ";"2014";1721
" ";" ";"70-74 let"
" ";" ";" ";"2010";1332
" ";" ";" ";"2011";1380
" ";" ";" ";"2012";1430
" ";" ";" ";"2013";1437
" ";" ";" ";"2014";1476
" ";" ";"75-79 let"
" ";" ";" ";"2010";970
" ";" ";" ";"2011";969
" ";" ";" ";"2012";997
" ";" ";" ";"2013";1000
" ";" ";" ";"2014";1043
" ";" ";"80-84 let"
" ";" ";" ";"2010";487
" ";" ";" ";"2011";550
" ";" ";" ";"2012";578
" ";" ";" ";"2013";631
" ";" ";" ";"2014";646
" ";" ";"85-89 let"
" ";" ";" ";"2010";171
" ";" ";" ";"2011";194
" ";" ";" ";"2012";198
" ";" ";" ";"2013";197
" ";" ";" ";"2014";237
" ";" ";"90-94 let"
" ";" ";" ";"2010";33
" ";" ";" ";"2011";36
" ";" ";" ";"2012";44
" ";" ";" ";"2013";52
" ";" ";" ";"2014";48
" ";" ";"95-99 let"
" ";" ";" ";"2010";5
" ";" ";" ";"2011";6
" ";" ";" ";"2012";3
" ";" ";" ";"2013";3
" ";" ";" ";"2014";4
" ";" ";"100 + let"
" ";" ";" ";"2010";1
" ";" ";" ";"2011";1
" ";" ";" ";"2012";3
" ";" ";" ";"2013";1
" ";" ";" ";"2014";0
" ";"Savinjska"
" ";" ";"0-4 let"
" ";" ";" ";"2010";6790
" ";" ";" ";"2011";6927
" ";" ";" ";"2012";7013
" ";" ";" ";"2013";7198
" ";" ";" ";"2014";7059
" ";" ";"5-9 let"
" ";" ";" ";"2010";6050
" ";" ";" ";"2011";6129
" ";" ";" ";"2012";6227
" ";" ";" ";"2013";6283
" ";" ";" ";"2014";6577
" ";" ";"10-14 let"
" ";" ";" ";"2010";6468
" ";" ";" ";"2011";6403
" ";" ";" ";"2012";6322
" ";" ";" ";"2013";6331
" ";" ";" ";"2014";6210
" ";" ";"15-19 let"
" ";" ";" ";"2010";7293
" ";" ";" ";"2011";6910
" ";" ";" ";"2012";6766
" ";" ";" ";"2013";6525
" ";" ";" ";"2014";6430
" ";" ";"20-24 let"
" ";" ";" ";"2010";8281
" ";" ";" ";"2011";7834
" ";" ";" ";"2012";7551
" ";" ";" ";"2013";7023
" ";" ";" ";"2014";6538
" ";" ";"25-29 let"
" ";" ";" ";"2010";10393
" ";" ";" ";"2011";9941
" ";" ";" ";"2012";9542
" ";" ";" ";"2013";9370
" ";" ";" ";"2014";9065
" ";" ";"30-34 let"
" ";" ";" ";"2010";10686
" ";" ";" ";"2011";10687
" ";" ";" ";"2012";10769
" ";" ";" ";"2013";10723
" ";" ";" ";"2014";10522
" ";" ";"35-39 let"
" ";" ";" ";"2010";9837
" ";" ";" ";"2011";9833
" ";" ";" ";"2012";10018
" ";" ";" ";"2013";10182
" ";" ";" ";"2014";10427
" ";" ";"40-44 let"
" ";" ";" ";"2010";10259
" ";" ";" ";"2011";9881
" ";" ";" ";"2012";9598
" ";" ";" ";"2013";9518
" ";" ";" ";"2014";9576
" ";" ";"45-49 let"
" ";" ";" ";"2010";10602
" ";" ";" ";"2011";10554
" ";" ";" ";"2012";10605
" ";" ";" ";"2013";10492
" ";" ";" ";"2014";10390
" ";" ";"50-54 let"
" ";" ";" ";"2010";10542
" ";" ";" ";"2011";10420
" ";" ";" ";"2012";10342
" ";" ";" ";"2013";10288
" ";" ";" ";"2014";10333
" ";" ";"55-59 let"
" ";" ";" ";"2010";9679
" ";" ";" ";"2011";9935
" ";" ";" ";"2012";10207
" ";" ";" ";"2013";10291
" ";" ";" ";"2014";10175
" ";" ";"60-64 let"
" ";" ";" ";"2010";6822
" ";" ";" ";"2011";7508
" ";" ";" ";"2012";7933
" ";" ";" ";"2013";8290
" ";" ";" ";"2014";8798
" ";" ";"65-69 let"
" ";" ";" ";"2010";6030
" ";" ";" ";"2011";5872
" ";" ";" ";"2012";5800
" ";" ";" ";"2013";5908
" ";" ";" ";"2014";5897
" ";" ";"70-74 let"
" ";" ";" ";"2010";4511
" ";" ";" ";"2011";4621
" ";" ";" ";"2012";4753
" ";" ";" ";"2013";4933
" ";" ";" ";"2014";5198
" ";" ";"75-79 let"
" ";" ";" ";"2010";3261
" ";" ";" ";"2011";3281
" ";" ";" ";"2012";3431
" ";" ";" ";"2013";3483
" ";" ";" ";"2014";3573
" ";" ";"80-84 let"
" ";" ";" ";"2010";1696
" ";" ";" ";"2011";1860
" ";" ";" ";"2012";2007
" ";" ";" ";"2013";2116
" ";" ";" ";"2014";2218
" ";" ";"85-89 let"
" ";" ";" ";"2010";613
" ";" ";" ";"2011";674
" ";" ";" ";"2012";715
" ";" ";" ";"2013";763
" ";" ";" ";"2014";836
" ";" ";"90-94 let"
" ";" ";" ";"2010";125
" ";" ";" ";"2011";145
" ";" ";" ";"2012";166
" ";" ";" ";"2013";188
" ";" ";" ";"2014";211
" ";" ";"95-99 let"
" ";" ";" ";"2010";25
" ";" ";" ";"2011";22
" ";" ";" ";"2012";21
" ";" ";" ";"2013";19
" ";" ";" ";"2014";18
" ";" ";"100 + let"
" ";" ";" ";"2010";4
" ";" ";" ";"2011";4
" ";" ";" ";"2012";5
" ";" ";" ";"2013";5
" ";" ";" ";"2014";3
" ";"Zasavska"
" ";" ";"0-4 let"
" ";" ";" ";"2010";1066
" ";" ";" ";"2011";1089
" ";" ";" ";"2012";1120
" ";" ";" ";"2013";1105
" ";" ";" ";"2014";1067
" ";" ";"5-9 let"
" ";" ";" ";"2010";913
" ";" ";" ";"2011";895
" ";" ";" ";"2012";904
" ";" ";" ";"2013";933
" ";" ";" ";"2014";985
" ";" ";"10-14 let"
" ";" ";" ";"2010";1009
" ";" ";" ";"2011";988
" ";" ";" ";"2012";952
" ";" ";" ";"2013";939
" ";" ";" ";"2014";901
" ";" ";"15-19 let"
" ";" ";" ";"2010";1109
" ";" ";" ";"2011";1075
" ";" ";" ";"2012";1031
" ";" ";" ";"2013";989
" ";" ";" ";"2014";966
" ";" ";"20-24 let"
" ";" ";" ";"2010";1441
" ";" ";" ";"2011";1393
" ";" ";" ";"2012";1305
" ";" ";" ";"2013";1184
" ";" ";" ";"2014";1081
" ";" ";"25-29 let"
" ";" ";" ";"2010";1766
" ";" ";" ";"2011";1631
" ";" ";" ";"2012";1576
" ";" ";" ";"2013";1517
" ";" ";" ";"2014";1481
" ";" ";"30-34 let"
" ";" ";" ";"2010";1720
" ";" ";" ";"2011";1766
" ";" ";" ";"2012";1743
" ";" ";" ";"2013";1712
" ";" ";" ";"2014";1657
" ";" ";"35-39 let"
" ";" ";" ";"2010";1480
" ";" ";" ";"2011";1426
" ";" ";" ";"2012";1485
" ";" ";" ";"2013";1545
" ";" ";" ";"2014";1556
" ";" ";"40-44 let"
" ";" ";" ";"2010";1601
" ";" ";" ";"2011";1518
" ";" ";" ";"2012";1461
" ";" ";" ";"2013";1435
" ";" ";" ";"2014";1407
" ";" ";"45-49 let"
" ";" ";" ";"2010";1800
" ";" ";" ";"2011";1786
" ";" ";" ";"2012";1766
" ";" ";" ";"2013";1684
" ";" ";" ";"2014";1609
" ";" ";"50-54 let"
" ";" ";" ";"2010";1984
" ";" ";" ";"2011";1929
" ";" ";" ";"2012";1885
" ";" ";" ";"2013";1834
" ";" ";" ";"2014";1763
" ";" ";"55-59 let"
" ";" ";" ";"2010";1787
" ";" ";" ";"2011";1772
" ";" ";" ";"2012";1795
" ";" ";" ";"2013";1815
" ";" ";" ";"2014";1833
" ";" ";"60-64 let"
" ";" ";" ";"2010";1144
" ";" ";" ";"2011";1309
" ";" ";" ";"2012";1403
" ";" ";" ";"2013";1471
" ";" ";" ";"2014";1552
" ";" ";"65-69 let"
" ";" ";" ";"2010";1144
" ";" ";" ";"2011";1076
" ";" ";" ";"2012";1039
" ";" ";" ";"2013";1045
" ";" ";" ";"2014";1026
" ";" ";"70-74 let"
" ";" ";" ";"2010";768
" ";" ";" ";"2011";794
" ";" ";" ";"2012";823
" ";" ";" ";"2013";890
" ";" ";" ";"2014";963
" ";" ";"75-79 let"
" ";" ";" ";"2010";625
" ";" ";" ";"2011";624
" ";" ";" ";"2012";629
" ";" ";" ";"2013";609
" ";" ";" ";"2014";593
" ";" ";"80-84 let"
" ";" ";" ";"2010";365
" ";" ";" ";"2011";382
" ";" ";" ";"2012";392
" ";" ";" ";"2013";405
" ";" ";" ";"2014";420
" ";" ";"85-89 let"
" ";" ";" ";"2010";130
" ";" ";" ";"2011";145
" ";" ";" ";"2012";154
" ";" ";" ";"2013";175
" ";" ";" ";"2014";175
" ";" ";"90-94 let"
" ";" ";" ";"2010";31
" ";" ";" ";"2011";32
" ";" ";" ";"2012";43
" ";" ";" ";"2013";46
" ";" ";" ";"2014";44
" ";" ";"95-99 let"
" ";" ";" ";"2010";9
" ";" ";" ";"2011";6
" ";" ";" ";"2012";7
" ";" ";" ";"2013";6
" ";" ";" ";"2014";7
" ";" ";"100 + let"
" ";" ";" ";"2010";1
" ";" ";" ";"2011";1
" ";" ";" ";"2012";0
" ";" ";" ";"2013";1
" ";" ";" ";"2014";0
" ";"Posavska"
" ";" ";"0-4 let"
" ";" ";" ";"2010";1637
" ";" ";" ";"2011";1713
" ";" ";" ";"2012";1741
" ";" ";" ";"2013";1812
" ";" ";" ";"2014";1805
" ";" ";"5-9 let"
" ";" ";" ";"2010";1649
" ";" ";" ";"2011";1593
" ";" ";" ";"2012";1602
" ";" ";" ";"2013";1568
" ";" ";" ";"2014";1611
" ";" ";"10-14 let"
" ";" ";" ";"2010";1715
" ";" ";" ";"2011";1674
" ";" ";" ";"2012";1672
" ";" ";" ";"2013";1662
" ";" ";" ";"2014";1680
" ";" ";"15-19 let"
" ";" ";" ";"2010";1939
" ";" ";" ";"2011";1879
" ";" ";" ";"2012";1802
" ";" ";" ";"2013";1778
" ";" ";" ";"2014";1717
" ";" ";"20-24 let"
" ";" ";" ";"2010";2319
" ";" ";" ";"2011";2211
" ";" ";" ";"2012";2106
" ";" ";" ";"2013";2005
" ";" ";" ";"2014";1830
" ";" ";"25-29 let"
" ";" ";" ";"2010";2693
" ";" ";" ";"2011";2647
" ";" ";" ";"2012";2607
" ";" ";" ";"2013";2565
" ";" ";" ";"2014";2561
" ";" ";"30-34 let"
" ";" ";" ";"2010";2826
" ";" ";" ";"2011";2858
" ";" ";" ";"2012";2810
" ";" ";" ";"2013";2789
" ";" ";" ";"2014";2739
" ";" ";"35-39 let"
" ";" ";" ";"2010";2654
" ";" ";" ";"2011";2689
" ";" ";" ";"2012";2679
" ";" ";" ";"2013";2726
" ";" ";" ";"2014";2723
" ";" ";"40-44 let"
" ";" ";" ";"2010";2716
" ";" ";" ";"2011";2674
" ";" ";" ";"2012";2621
" ";" ";" ";"2013";2618
" ";" ";" ";"2014";2638
" ";" ";"45-49 let"
" ";" ";" ";"2010";2869
" ";" ";" ";"2011";2842
" ";" ";" ";"2012";2804
" ";" ";" ";"2013";2782
" ";" ";" ";"2014";2761
" ";" ";"50-54 let"
" ";" ";" ";"2010";2811
" ";" ";" ";"2011";2808
" ";" ";" ";"2012";2858
" ";" ";" ";"2013";2873
" ";" ";" ";"2014";2856
" ";" ";"55-59 let"
" ";" ";" ";"2010";2729
" ";" ";" ";"2011";2733
" ";" ";" ";"2012";2755
" ";" ";" ";"2013";2748
" ";" ";" ";"2014";2734
" ";" ";"60-64 let"
" ";" ";" ";"2010";2022
" ";" ";" ";"2011";2211
" ";" ";" ";"2012";2355
" ";" ";" ";"2013";2452
" ";" ";" ";"2014";2535
" ";" ";"65-69 let"
" ";" ";" ";"2010";1537
" ";" ";" ";"2011";1470
" ";" ";" ";"2012";1547
" ";" ";" ";"2013";1623
" ";" ";" ";"2014";1697
" ";" ";"70-74 let"
" ";" ";" ";"2010";1298
" ";" ";" ";"2011";1321
" ";" ";" ";"2012";1334
" ";" ";" ";"2013";1318
" ";" ";" ";"2014";1360
" ";" ";"75-79 let"
" ";" ";" ";"2010";991
" ";" ";" ";"2011";993
" ";" ";" ";"2012";984
" ";" ";" ";"2013";1024
" ";" ";" ";"2014";1022
" ";" ";"80-84 let"
" ";" ";" ";"2010";541
" ";" ";" ";"2011";580
" ";" ";" ";"2012";620
" ";" ";" ";"2013";632
" ";" ";" ";"2014";651
" ";" ";"85-89 let"
" ";" ";" ";"2010";230
" ";" ";" ";"2011";237
" ";" ";" ";"2012";256
" ";" ";" ";"2013";263
" ";" ";" ";"2014";278
" ";" ";"90-94 let"
" ";" ";" ";"2010";35
" ";" ";" ";"2011";46
" ";" ";" ";"2012";56
" ";" ";" ";"2013";70
" ";" ";" ";"2014";87
" ";" ";"95-99 let"
" ";" ";" ";"2010";6
" ";" ";" ";"2011";10
" ";" ";" ";"2012";5
" ";" ";" ";"2013";7
" ";" ";" ";"2014";8
" ";" ";"100 + let"
" ";" ";" ";"2010";1
" ";" ";" ";"2011";1
" ";" ";" ";"2012";1
" ";" ";" ";"2013";2
" ";" ";" ";"2014";2
" ";"Jugovzhodna Slovenija"
" ";" ";"0-4 let"
" ";" ";" ";"2010";3818
" ";" ";" ";"2011";3986
" ";" ";" ";"2012";4133
" ";" ";" ";"2013";4225
" ";" ";" ";"2014";4225
" ";" ";"5-9 let"
" ";" ";" ";"2010";3401
" ";" ";" ";"2011";3432
" ";" ";" ";"2012";3447
" ";" ";" ";"2013";3496
" ";" ";" ";"2014";3720
" ";" ";"10-14 let"
" ";" ";" ";"2010";3602
" ";" ";" ";"2011";3539
" ";" ";" ";"2012";3529
" ";" ";" ";"2013";3482
" ";" ";" ";"2014";3453
" ";" ";"15-19 let"
" ";" ";" ";"2010";4235
" ";" ";" ";"2011";4118
" ";" ";" ";"2012";3931
" ";" ";" ";"2013";3768
" ";" ";" ";"2014";3612
" ";" ";"20-24 let"
" ";" ";" ";"2010";4962
" ";" ";" ";"2011";4802
" ";" ";" ";"2012";4587
" ";" ";" ";"2013";4339
" ";" ";" ";"2014";4035
" ";" ";"25-29 let"
" ";" ";" ";"2010";5876
" ";" ";" ";"2011";5702
" ";" ";" ";"2012";5477
" ";" ";" ";"2013";5294
" ";" ";" ";"2014";5211
" ";" ";"30-34 let"
" ";" ";" ";"2010";5817
" ";" ";" ";"2011";5895
" ";" ";" ";"2012";5947
" ";" ";" ";"2013";5944
" ";" ";" ";"2014";5892
" ";" ";"35-39 let"
" ";" ";" ";"2010";5286
" ";" ";" ";"2011";5344
" ";" ";" ";"2012";5430
" ";" ";" ";"2013";5461
" ";" ";" ";"2014";5576
" ";" ";"40-44 let"
" ";" ";" ";"2010";5717
" ";" ";" ";"2011";5530
" ";" ";" ";"2012";5317
" ";" ";" ";"2013";5254
" ";" ";" ";"2014";5105
" ";" ";"45-49 let"
" ";" ";" ";"2010";5861
" ";" ";" ";"2011";5787
" ";" ";" ";"2012";5763
" ";" ";" ";"2013";5706
" ";" ";" ";"2014";5658
" ";" ";"50-54 let"
" ";" ";" ";"2010";5774
" ";" ";" ";"2011";5666
" ";" ";" ";"2012";5728
" ";" ";" ";"2013";5690
" ";" ";" ";"2014";5699
" ";" ";"55-59 let"
" ";" ";" ";"2010";5068
" ";" ";" ";"2011";5280
" ";" ";" ";"2012";5394
" ";" ";" ";"2013";5404
" ";" ";" ";"2014";5434
" ";" ";"60-64 let"
" ";" ";" ";"2010";3453
" ";" ";" ";"2011";3939
" ";" ";" ";"2012";4125
" ";" ";" ";"2013";4380
" ";" ";" ";"2014";4679
" ";" ";"65-69 let"
" ";" ";" ";"2010";2833
" ";" ";" ";"2011";2627
" ";" ";" ";"2012";2685
" ";" ";" ";"2013";2785
" ";" ";" ";"2014";2905
" ";" ";"70-74 let"
" ";" ";" ";"2010";2633
" ";" ";" ";"2011";2678
" ";" ";" ";"2012";2646
" ";" ";" ";"2013";2644
" ";" ";" ";"2014";2579
" ";" ";"75-79 let"
" ";" ";" ";"2010";1953
" ";" ";" ";"2011";1942
" ";" ";" ";"2012";1997
" ";" ";" ";"2013";2032
" ";" ";" ";"2014";2086
" ";" ";"80-84 let"
" ";" ";" ";"2010";964
" ";" ";" ";"2011";1110
" ";" ";" ";"2012";1198
" ";" ";" ";"2013";1255
" ";" ";" ";"2014";1312
" ";" ";"85-89 let"
" ";" ";" ";"2010";291
" ";" ";" ";"2011";328
" ";" ";" ";"2012";334
" ";" ";" ";"2013";375
" ";" ";" ";"2014";438
" ";" ";"90-94 let"
" ";" ";" ";"2010";54
" ";" ";" ";"2011";59
" ";" ";" ";"2012";82
" ";" ";" ";"2013";95
" ";" ";" ";"2014";101
" ";" ";"95-99 let"
" ";" ";" ";"2010";13
" ";" ";" ";"2011";16
" ";" ";" ";"2012";14
" ";" ";" ";"2013";12
" ";" ";" ";"2014";8
" ";" ";"100 + let"
" ";" ";" ";"2010";1
" ";" ";" ";"2011";0
" ";" ";" ";"2012";1
" ";" ";" ";"2013";0
" ";" ";" ";"2014";2
" ";"Osrednjeslovenska"
" ";" ";"0-4 let"
" ";" ";" ";"2010";15060
" ";" ";" ";"2011";15874
" ";" ";" ";"2012";16336
" ";" ";" ";"2013";16632
" ";" ";" ";"2014";16514
" ";" ";"5-9 let"
" ";" ";" ";"2010";12505
" ";" ";" ";"2011";12580
" ";" ";" ";"2012";13099
" ";" ";" ";"2013";13737
" ";" ";" ";"2014";14553
" ";" ";"10-14 let"
" ";" ";" ";"2010";12558
" ";" ";" ";"2011";12650
" ";" ";" ";"2012";12565
" ";" ";" ";"2013";12568
" ";" ";" ";"2014";12511
" ";" ";"15-19 let"
" ";" ";" ";"2010";13893
" ";" ";" ";"2011";13502
" ";" ";" ";"2012";13287
" ";" ";" ";"2013";13560
" ";" ";" ";"2014";13645
" ";" ";"20-24 let"
" ";" ";" ";"2010";19822
" ";" ";" ";"2011";19125
" ";" ";" ";"2012";18386
" ";" ";" ";"2013";17666
" ";" ";" ";"2014";17209
" ";" ";"25-29 let"
" ";" ";" ";"2010";20333
" ";" ";" ";"2011";19806
" ";" ";" ";"2012";19188
" ";" ";" ";"2013";18934
" ";" ";" ";"2014";18881
" ";" ";"30-34 let"
" ";" ";" ";"2010";21776
" ";" ";" ";"2011";21892
" ";" ";" ";"2012";21943
" ";" ";" ";"2013";21927
" ";" ";" ";"2014";21494
" ";" ";"35-39 let"
" ";" ";" ";"2010";20166
" ";" ";" ";"2011";20734
" ";" ";" ";"2012";21102
" ";" ";" ";"2013";21506
" ";" ";" ";"2014";21950
" ";" ";"40-44 let"
" ";" ";" ";"2010";20441
" ";" ";" ";"2011";19927
" ";" ";" ";"2012";19682
" ";" ";" ";"2013";19823
" ";" ";" ";"2014";20086
" ";" ";"45-49 let"
" ";" ";" ";"2010";19525
" ";" ";" ";"2011";19900
" ";" ";" ";"2012";20215
" ";" ";" ";"2013";20107
" ";" ";" ";"2014";20151
" ";" ";"50-54 let"
" ";" ";" ";"2010";18483
" ";" ";" ";"2011";18319
" ";" ";" ";"2012";18155
" ";" ";" ";"2013";18553
" ";" ";" ";"2014";18741
" ";" ";"55-59 let"
" ";" ";" ";"2010";18344
" ";" ";" ";"2011";18245
" ";" ";" ";"2012";18446
" ";" ";" ";"2013";18124
" ";" ";" ";"2014";17809
" ";" ";"60-64 let"
" ";" ";" ";"2010";13484
" ";" ";" ";"2011";14862
" ";" ";" ";"2012";15399
" ";" ";" ";"2013";15994
" ";" ";" ";"2014";16522
" ";" ";"65-69 let"
" ";" ";" ";"2010";10846
" ";" ";" ";"2011";10371
" ";" ";" ";"2012";10447
" ";" ";" ";"2013";10832
" ";" ";" ";"2014";11355
" ";" ";"70-74 let"
" ";" ";" ";"2010";9506
" ";" ";" ";"2011";9657
" ";" ";" ";"2012";9716
" ";" ";" ";"2013";9796
" ";" ";" ";"2014";9721
" ";" ";"75-79 let"
" ";" ";" ";"2010";7014
" ";" ";" ";"2011";7124
" ";" ";" ";"2012";7314
" ";" ";" ";"2013";7456
" ";" ";" ";"2014";7689
" ";" ";"80-84 let"
" ";" ";" ";"2010";3892
" ";" ";" ";"2011";4214
" ";" ";" ";"2012";4578
" ";" ";" ";"2013";4837
" ";" ";" ";"2014";4943
" ";" ";"85-89 let"
" ";" ";" ";"2010";1536
" ";" ";" ";"2011";1664
" ";" ";" ";"2012";1761
" ";" ";" ";"2013";1903
" ";" ";" ";"2014";2172
" ";" ";"90-94 let"
" ";" ";" ";"2010";328
" ";" ";" ";"2011";400
" ";" ";" ";"2012";450
" ";" ";" ";"2013";541
" ";" ";" ";"2014";597
" ";" ";"95-99 let"
" ";" ";" ";"2010";93
" ";" ";" ";"2011";91
" ";" ";" ";"2012";89
" ";" ";" ";"2013";65
" ";" ";" ";"2014";62
" ";" ";"100 + let"
" ";" ";" ";"2010";8
" ";" ";" ";"2011";10
" ";" ";" ";"2012";13
" ";" ";" ";"2013";11
" ";" ";" ";"2014";11
" ";"Gorenjska"
" ";" ";"0-4 let"
" ";" ";" ";"2010";5680
" ";" ";" ";"2011";5896
" ";" ";" ";"2012";5971
" ";" ";" ";"2013";6050
" ";" ";" ";"2014";6019
" ";" ";"5-9 let"
" ";" ";" ";"2010";5046
" ";" ";" ";"2011";5026
" ";" ";" ";"2012";5148
" ";" ";" ";"2013";5300
" ";" ";" ";"2014";5518
" ";" ";"10-14 let"
" ";" ";" ";"2010";5118
" ";" ";" ";"2011";5130
" ";" ";" ";"2012";5083
" ";" ";" ";"2013";5067
" ";" ";" ";"2014";5010
" ";" ";"15-19 let"
" ";" ";" ";"2010";5592
" ";" ";" ";"2011";5418
" ";" ";" ";"2012";5339
" ";" ";" ";"2013";5199
" ";" ";" ";"2014";5159
" ";" ";"20-24 let"
" ";" ";" ";"2010";6901
" ";" ";" ";"2011";6635
" ";" ";" ";"2012";6377
" ";" ";" ";"2013";6033
" ";" ";" ";"2014";5604
" ";" ";"25-29 let"
" ";" ";" ";"2010";7811
" ";" ";" ";"2011";7638
" ";" ";" ";"2012";7395
" ";" ";" ";"2013";7228
" ";" ";" ";"2014";7119
" ";" ";"30-34 let"
" ";" ";" ";"2010";8367
" ";" ";" ";"2011";8340
" ";" ";" ";"2012";8268
" ";" ";" ";"2013";8111
" ";" ";" ";"2014";7839
" ";" ";"35-39 let"
" ";" ";" ";"2010";7514
" ";" ";" ";"2011";7723
" ";" ";" ";"2012";7931
" ";" ";" ";"2013";7946
" ";" ";" ";"2014";8024
" ";" ";"40-44 let"
" ";" ";" ";"2010";7584
" ";" ";" ";"2011";7412
" ";" ";" ";"2012";7305
" ";" ";" ";"2013";7356
" ";" ";" ";"2014";7417
" ";" ";"45-49 let"
" ";" ";" ";"2010";7527
" ";" ";" ";"2011";7566
" ";" ";" ";"2012";7627
" ";" ";" ";"2013";7597
" ";" ";" ";"2014";7566
" ";" ";"50-54 let"
" ";" ";" ";"2010";7251
" ";" ";" ";"2011";7200
" ";" ";" ";"2012";7122
" ";" ";" ";"2013";7178
" ";" ";" ";"2014";7312
" ";" ";"55-59 let"
" ";" ";" ";"2010";7069
" ";" ";" ";"2011";7157
" ";" ";" ";"2012";7278
" ";" ";" ";"2013";7179
" ";" ";" ";"2014";6979
" ";" ";"60-64 let"
" ";" ";" ";"2010";5166
" ";" ";" ";"2011";5662
" ";" ";" ";"2012";5906
" ";" ";" ";"2013";6128
" ";" ";" ";"2014";6475
" ";" ";"65-69 let"
" ";" ";" ";"2010";4543
" ";" ";" ";"2011";4313
" ";" ";" ";"2012";4337
" ";" ";" ";"2013";4446
" ";" ";" ";"2014";4547
" ";" ";"70-74 let"
" ";" ";" ";"2010";3993
" ";" ";" ";"2011";4019
" ";" ";" ";"2012";4064
" ";" ";" ";"2013";4069
" ";" ";" ";"2014";4098
" ";" ";"75-79 let"
" ";" ";" ";"2010";2777
" ";" ";" ";"2011";2816
" ";" ";" ";"2012";2931
" ";" ";" ";"2013";3055
" ";" ";" ";"2014";3147
" ";" ";"80-84 let"
" ";" ";" ";"2010";1591
" ";" ";" ";"2011";1739
" ";" ";" ";"2012";1876
" ";" ";" ";"2013";1935
" ";" ";" ";"2014";1998
" ";" ";"85-89 let"
" ";" ";" ";"2010";552
" ";" ";" ";"2011";617
" ";" ";" ";"2012";670
" ";" ";" ";"2013";767
" ";" ";" ";"2014";838
" ";" ";"90-94 let"
" ";" ";" ";"2010";121
" ";" ";" ";"2011";138
" ";" ";" ";"2012";150
" ";" ";" ";"2013";169
" ";" ";" ";"2014";199
" ";" ";"95-99 let"
" ";" ";" ";"2010";41
" ";" ";" ";"2011";35
" ";" ";" ";"2012";29
" ";" ";" ";"2013";27
" ";" ";" ";"2014";25
" ";" ";"100 + let"
" ";" ";" ";"2010";3
" ";" ";" ";"2011";1
" ";" ";" ";"2012";3
" ";" ";" ";"2013";2
" ";" ";" ";"2014";2
" ";"Primorsko-notranjska"
" ";" ";"0-4 let"
" ";" ";" ";"2010";1352
" ";" ";" ";"2011";1406
" ";" ";" ";"2012";1466
" ";" ";" ";"2013";1460
" ";" ";" ";"2014";1476
" ";" ";"5-9 let"
" ";" ";" ";"2010";1155
" ";" ";" ";"2011";1200
" ";" ";" ";"2012";1183
" ";" ";" ";"2013";1259
" ";" ";" ";"2014";1294
" ";" ";"10-14 let"
" ";" ";" ";"2010";1191
" ";" ";" ";"2011";1198
" ";" ";" ";"2012";1177
" ";" ";" ";"2013";1172
" ";" ";" ";"2014";1200
" ";" ";"15-19 let"
" ";" ";" ";"2010";1350
" ";" ";" ";"2011";1295
" ";" ";" ";"2012";1274
" ";" ";" ";"2013";1261
" ";" ";" ";"2014";1208
" ";" ";"20-24 let"
" ";" ";" ";"2010";1659
" ";" ";" ";"2011";1576
" ";" ";" ";"2012";1479
" ";" ";" ";"2013";1344
" ";" ";" ";"2014";1269
" ";" ";"25-29 let"
" ";" ";" ";"2010";2069
" ";" ";" ";"2011";2031
" ";" ";" ";"2012";1929
" ";" ";" ";"2013";1886
" ";" ";" ";"2014";1804
" ";" ";"30-34 let"
" ";" ";" ";"2010";2134
" ";" ";" ";"2011";2070
" ";" ";" ";"2012";2101
" ";" ";" ";"2013";2131
" ";" ";" ";"2014";2113
" ";" ";"35-39 let"
" ";" ";" ";"2010";2058
" ";" ";" ";"2011";2089
" ";" ";" ";"2012";2118
" ";" ";" ";"2013";2100
" ";" ";" ";"2014";2074
" ";" ";"40-44 let"
" ";" ";" ";"2010";2034
" ";" ";" ";"2011";2004
" ";" ";" ";"2012";1940
" ";" ";" ";"2013";1965
" ";" ";" ";"2014";1997
" ";" ";"45-49 let"
" ";" ";" ";"2010";2083
" ";" ";" ";"2011";2078
" ";" ";" ";"2012";2072
" ";" ";" ";"2013";2019
" ";" ";" ";"2014";2018
" ";" ";"50-54 let"
" ";" ";" ";"2010";2144
" ";" ";" ";"2011";2101
" ";" ";" ";"2012";2062
" ";" ";" ";"2013";2030
" ";" ";" ";"2014";2041
" ";" ";"55-59 let"
" ";" ";" ";"2010";2054
" ";" ";" ";"2011";2110
" ";" ";" ";"2012";2170
" ";" ";" ";"2013";2129
" ";" ";" ";"2014";2090
" ";" ";"60-64 let"
" ";" ";" ";"2010";1468
" ";" ";" ";"2011";1680
" ";" ";" ";"2012";1808
" ";" ";" ";"2013";1859
" ";" ";" ";"2014";1929
" ";" ";"65-69 let"
" ";" ";" ";"2010";1174
" ";" ";" ";"2011";1037
" ";" ";" ";"2012";999
" ";" ";" ";"2013";1058
" ";" ";" ";"2014";1173
" ";" ";"70-74 let"
" ";" ";" ";"2010";993
" ";" ";" ";"2011";1028
" ";" ";" ";"2012";1090
" ";" ";" ";"2013";1113
" ";" ";" ";"2014";1100
" ";" ";"75-79 let"
" ";" ";" ";"2010";774
" ";" ";" ";"2011";789
" ";" ";" ";"2012";796
" ";" ";" ";"2013";800
" ";" ";" ";"2014";801
" ";" ";"80-84 let"
" ";" ";" ";"2010";442
" ";" ";" ";"2011";462
" ";" ";" ";"2012";500
" ";" ";" ";"2013";526
" ";" ";" ";"2014";530
" ";" ";"85-89 let"
" ";" ";" ";"2010";171
" ";" ";" ";"2011";196
" ";" ";" ";"2012";209
" ";" ";" ";"2013";231
" ";" ";" ";"2014";257
" ";" ";"90-94 let"
" ";" ";" ";"2010";31
" ";" ";" ";"2011";36
" ";" ";" ";"2012";45
" ";" ";" ";"2013";59
" ";" ";" ";"2014";67
" ";" ";"95-99 let"
" ";" ";" ";"2010";6
" ";" ";" ";"2011";6
" ";" ";" ";"2012";7
" ";" ";" ";"2013";3
" ";" ";" ";"2014";3
" ";" ";"100 + let"
" ";" ";" ";"2010";0
" ";" ";" ";"2011";0
" ";" ";" ";"2012";0
" ";" ";" ";"2013";0
" ";" ";" ";"2014";0
" ";"Goriška"
" ";" ";"0-4 let"
" ";" ";" ";"2010";2922
" ";" ";" ";"2011";3066
" ";" ";" ";"2012";3262
" ";" ";" ";"2013";3334
" ";" ";" ";"2014";3308
" ";" ";"5-9 let"
" ";" ";" ";"2010";2659
" ";" ";" ";"2011";2626
" ";" ";" ";"2012";2559
" ";" ";" ";"2013";2687
" ";" ";" ";"2014";2801
" ";" ";"10-14 let"
" ";" ";" ";"2010";2740
" ";" ";" ";"2011";2765
" ";" ";" ";"2012";2764
" ";" ";" ";"2013";2697
" ";" ";" ";"2014";2651
" ";" ";"15-19 let"
" ";" ";" ";"2010";3054
" ";" ";" ";"2011";2951
" ";" ";" ";"2012";2856
" ";" ";" ";"2013";2802
" ";" ";" ";"2014";2709
" ";" ";"20-24 let"
" ";" ";" ";"2010";3487
" ";" ";" ";"2011";3281
" ";" ";" ";"2012";3197
" ";" ";" ";"2013";3039
" ";" ";" ";"2014";2797
" ";" ";"25-29 let"
" ";" ";" ";"2010";4456
" ";" ";" ";"2011";4309
" ";" ";" ";"2012";4079
" ";" ";" ";"2013";3941
" ";" ";" ";"2014";3888
" ";" ";"30-34 let"
" ";" ";" ";"2010";4961
" ";" ";" ";"2011";4875
" ";" ";" ";"2012";4720
" ";" ";" ";"2013";4580
" ";" ";" ";"2014";4397
" ";" ";"35-39 let"
" ";" ";" ";"2010";4578
" ";" ";" ";"2011";4622
" ";" ";" ";"2012";4655
" ";" ";" ";"2013";4665
" ";" ";" ";"2014";4752
" ";" ";"40-44 let"
" ";" ";" ";"2010";4605
" ";" ";" ";"2011";4536
" ";" ";" ";"2012";4513
" ";" ";" ";"2013";4496
" ";" ";" ";"2014";4413
" ";" ";"45-49 let"
" ";" ";" ";"2010";4614
" ";" ";" ";"2011";4646
" ";" ";" ";"2012";4597
" ";" ";" ";"2013";4497
" ";" ";" ";"2014";4473
" ";" ";"50-54 let"
" ";" ";" ";"2010";4792
" ";" ";" ";"2011";4619
" ";" ";" ";"2012";4567
" ";" ";" ";"2013";4599
" ";" ";" ";"2014";4570
" ";" ";"55-59 let"
" ";" ";" ";"2010";4903
" ";" ";" ";"2011";4890
" ";" ";" ";"2012";4869
" ";" ";" ";"2013";4736
" ";" ";" ";"2014";4606
" ";" ";"60-64 let"
" ";" ";" ";"2010";3431
" ";" ";" ";"2011";4074
" ";" ";" ";"2012";4291
" ";" ";" ";"2013";4470
" ";" ";" ";"2014";4649
" ";" ";"65-69 let"
" ";" ";" ";"2010";2583
" ";" ";" ";"2011";2252
" ";" ";" ";"2012";2348
" ";" ";" ";"2013";2468
" ";" ";" ";"2014";2752
" ";" ";"70-74 let"
" ";" ";" ";"2010";2412
" ";" ";" ";"2011";2538
" ";" ";" ";"2012";2587
" ";" ";" ";"2013";2604
" ";" ";" ";"2014";2514
" ";" ";"75-79 let"
" ";" ";" ";"2010";1766
" ";" ";" ";"2011";1738
" ";" ";" ";"2012";1768
" ";" ";" ";"2013";1810
" ";" ";" ";"2014";1915
" ";" ";"80-84 let"
" ";" ";" ";"2010";1015
" ";" ";" ";"2011";1149
" ";" ";" ";"2012";1218
" ";" ";" ";"2013";1240
" ";" ";" ";"2014";1217
" ";" ";"85-89 let"
" ";" ";" ";"2010";496
" ";" ";" ";"2011";477
" ";" ";" ";"2012";507
" ";" ";" ";"2013";531
" ";" ";" ";"2014";542
" ";" ";"90-94 let"
" ";" ";" ";"2010";80
" ";" ";" ";"2011";116
" ";" ";" ";"2012";133
" ";" ";" ";"2013";147
" ";" ";" ";"2014";183
" ";" ";"95-99 let"
" ";" ";" ";"2010";30
" ";" ";" ";"2011";28
" ";" ";" ";"2012";19
" ";" ";" ";"2013";21
" ";" ";" ";"2014";14
" ";" ";"100 + let"
" ";" ";" ";"2010";4
" ";" ";" ";"2011";3
" ";" ";" ";"2012";5
" ";" ";" ";"2013";3
" ";" ";" ";"2014";5
"Ženske"
" ";"Pomurska"
" ";" ";"0-4 let"
" ";" ";" ";"2010";2596
" ";" ";" ";"2011";2569
" ";" ";" ";"2012";2595
" ";" ";" ";"2013";2593
" ";" ";" ";"2014";2514
" ";" ";"5-9 let"
" ";" ";" ";"2010";2539
" ";" ";" ";"2011";2529
" ";" ";" ";"2012";2522
" ";" ";" ";"2013";2520
" ";" ";" ";"2014";2553
" ";" ";"10-14 let"
" ";" ";" ";"2010";2754
" ";" ";" ";"2011";2660
" ";" ";" ";"2012";2564
" ";" ";" ";"2013";2486
" ";" ";" ";"2014";2489
" ";" ";"15-19 let"
" ";" ";" ";"2010";2916
" ";" ";" ";"2011";2906
" ";" ";" ";"2012";2792
" ";" ";" ";"2013";2705
" ";" ";" ";"2014";2590
" ";" ";"20-24 let"
" ";" ";" ";"2010";3043
" ";" ";" ";"2011";2899
" ";" ";" ";"2012";2862
" ";" ";" ";"2013";2594
" ";" ";" ";"2014";2371
" ";" ";"25-29 let"
" ";" ";" ";"2010";4051
" ";" ";" ";"2011";3936
" ";" ";" ";"2012";3773
" ";" ";" ";"2013";3684
" ";" ";" ";"2014";3548
" ";" ";"30-34 let"
" ";" ";" ";"2010";4421
" ";" ";" ";"2011";4296
" ";" ";" ";"2012";4263
" ";" ";" ";"2013";4136
" ";" ";" ";"2014";4073
" ";" ";"35-39 let"
" ";" ";" ";"2010";4391
" ";" ";" ";"2011";4469
" ";" ";" ";"2012";4446
" ";" ";" ";"2013";4420
" ";" ";" ";"2014";4294
" ";" ";"40-44 let"
" ";" ";" ";"2010";4417
" ";" ";" ";"2011";4317
" ";" ";" ";"2012";4331
" ";" ";" ";"2013";4227
" ";" ";" ";"2014";4241
" ";" ";"45-49 let"
" ";" ";" ";"2010";4388
" ";" ";" ";"2011";4395
" ";" ";" ";"2012";4379
" ";" ";" ";"2013";4396
" ";" ";" ";"2014";4400
" ";" ";"50-54 let"
" ";" ";" ";"2010";4588
" ";" ";" ";"2011";4551
" ";" ";" ";"2012";4461
" ";" ";" ";"2013";4385
" ";" ";" ";"2014";4317
" ";" ";"55-59 let"
" ";" ";" ";"2010";4629
" ";" ";" ";"2011";4630
" ";" ";" ";"2012";4696
" ";" ";" ";"2013";4638
" ";" ";" ";"2014";4581
" ";" ";"60-64 let"
" ";" ";" ";"2010";3525
" ";" ";" ";"2011";3878
" ";" ";" ";"2012";4146
" ";" ";" ";"2013";4280
" ";" ";" ";"2014";4436
" ";" ";"65-69 let"
" ";" ";" ";"2010";3444
" ";" ";" ";"2011";3360
" ";" ";" ";"2012";3319
" ";" ";" ";"2013";3329
" ";" ";" ";"2014";3251
" ";" ";"70-74 let"
" ";" ";" ";"2010";2869
" ";" ";" ";"2011";2859
" ";" ";" ";"2012";2870
" ";" ";" ";"2013";2962
" ";" ";" ";"2014";3234
" ";" ";"75-79 let"
" ";" ";" ";"2010";2860
" ";" ";" ";"2011";2807
" ";" ";" ";"2012";2806
" ";" ";" ";"2013";2707
" ";" ";" ";"2014";2565
" ";" ";"80-84 let"
" ";" ";" ";"2010";2280
" ";" ";" ";"2011";2259
" ";" ";" ";"2012";2239
" ";" ";" ";"2013";2207
" ";" ";" ";"2014";2245
" ";" ";"85-89 let"
" ";" ";" ";"2010";1304
" ";" ";" ";"2011";1335
" ";" ";" ";"2012";1350
" ";" ";" ";"2013";1419
" ";" ";" ";"2014";1407
" ";" ";"90-94 let"
" ";" ";" ";"2010";251
" ";" ";" ";"2011";337
" ";" ";" ";"2012";415
" ";" ";" ";"2013";455
" ";" ";" ";"2014";501
" ";" ";"95-99 let"
" ";" ";" ";"2010";77
" ";" ";" ";"2011";76
" ";" ";" ";"2012";66
" ";" ";" ";"2013";62
" ";" ";" ";"2014";66
" ";" ";"100 + let"
" ";" ";" ";"2010";7
" ";" ";" ";"2011";12
" ";" ";" ";"2012";15
" ";" ";" ";"2013";12
" ";" ";" ";"2014";13
" ";"Podravska"
" ";" ";"0-4 let"
" ";" ";" ";"2010";7156
" ";" ";" ";"2011";7289
" ";" ";" ";"2012";7411
" ";" ";" ";"2013";7540
" ";" ";" ";"2014";7399
" ";" ";"5-9 let"
" ";" ";" ";"2010";6469
" ";" ";" ";"2011";6515
" ";" ";" ";"2012";6646
" ";" ";" ";"2013";6706
" ";" ";" ";"2014";6974
" ";" ";"10-14 let"
" ";" ";" ";"2010";6813
" ";" ";" ";"2011";6710
" ";" ";" ";"2012";6520
" ";" ";" ";"2013";6472
" ";" ";" ";"2014";6453
" ";" ";"15-19 let"
" ";" ";" ";"2010";7854
" ";" ";" ";"2011";7753
" ";" ";" ";"2012";7578
" ";" ";" ";"2013";7392
" ";" ";" ";"2014";7302
" ";" ";"20-24 let"
" ";" ";" ";"2010";10114
" ";" ";" ";"2011";9712
" ";" ";" ";"2012";9658
" ";" ";" ";"2013";9333
" ";" ";" ";"2014";8941
" ";" ";"25-29 let"
" ";" ";" ";"2010";11002
" ";" ";" ";"2011";10813
" ";" ";" ";"2012";10383
" ";" ";" ";"2013";10088
" ";" ";" ";"2014";9989
" ";" ";"30-34 let"
" ";" ";" ";"2010";11377
" ";" ";" ";"2011";11416
" ";" ";" ";"2012";11348
" ";" ";" ";"2013";11285
" ";" ";" ";"2014";11069
" ";" ";"35-39 let"
" ";" ";" ";"2010";11429
" ";" ";" ";"2011";11346
" ";" ";" ";"2012";11404
" ";" ";" ";"2013";11325
" ";" ";" ";"2014";11247
" ";" ";"40-44 let"
" ";" ";" ";"2010";12174
" ";" ";" ";"2011";11881
" ";" ";" ";"2012";11685
" ";" ";" ";"2013";11367
" ";" ";" ";"2014";11297
" ";" ";"45-49 let"
" ";" ";" ";"2010";12225
" ";" ";" ";"2011";12347
" ";" ";" ";"2012";12285
" ";" ";" ";"2013";12255
" ";" ";" ";"2014";12186
" ";" ";"50-54 let"
" ";" ";" ";"2010";11962
" ";" ";" ";"2011";11916
" ";" ";" ";"2012";11909
" ";" ";" ";"2013";11993
" ";" ";" ";"2014";12050
" ";" ";"55-59 let"
" ";" ";" ";"2010";11801
" ";" ";" ";"2011";11907
" ";" ";" ";"2012";12090
" ";" ";" ";"2013";11973
" ";" ";" ";"2014";11767
" ";" ";"60-64 let"
" ";" ";" ";"2010";9359
" ";" ";" ";"2011";10073
" ";" ";" ";"2012";10618
" ";" ";" ";"2013";10984
" ";" ";" ";"2014";11180
" ";" ";"65-69 let"
" ";" ";" ";"2010";9444
" ";" ";" ";"2011";9192
" ";" ";" ";"2012";9094
" ";" ";" ";"2013";8843
" ";" ";" ";"2014";8746
" ";" ";"70-74 let"
" ";" ";" ";"2010";7920
" ";" ";" ";"2011";7900
" ";" ";" ";"2012";7887
" ";" ";" ";"2013";8241
" ";" ";" ";"2014";8692
" ";" ";"75-79 let"
" ";" ";" ";"2010";7417
" ";" ";" ";"2011";7348
" ";" ";" ";"2012";7348
" ";" ";" ";"2013";7212
" ";" ";" ";"2014";7088
" ";" ";"80-84 let"
" ";" ";" ";"2010";5426
" ";" ";" ";"2011";5550
" ";" ";" ";"2012";5674
" ";" ";" ";"2013";5775
" ";" ";" ";"2014";5852
" ";" ";"85-89 let"
" ";" ";" ";"2010";2924
" ";" ";" ";"2011";3097
" ";" ";" ";"2012";3233
" ";" ";" ";"2013";3349
" ";" ";" ";"2014";3434
" ";" ";"90-94 let"
" ";" ";" ";"2010";634
" ";" ";" ";"2011";729
" ";" ";" ";"2012";910
" ";" ";" ";"2013";1060
" ";" ";" ";"2014";1216
" ";" ";"95-99 let"
" ";" ";" ";"2010";194
" ";" ";" ";"2011";197
" ";" ";" ";"2012";165
" ";" ";" ";"2013";162
" ";" ";" ";"2014";145
" ";" ";"100 + let"
" ";" ";" ";"2010";27
" ";" ";" ";"2011";22
" ";" ";" ";"2012";25
" ";" ";" ";"2013";14
" ";" ";" ";"2014";16
" ";"Koroška"
" ";" ";"0-4 let"
" ";" ";" ";"2010";1688
" ";" ";" ";"2011";1753
" ";" ";" ";"2012";1779
" ";" ";" ";"2013";1811
" ";" ";" ";"2014";1739
" ";" ";"5-9 let"
" ";" ";" ";"2010";1674
" ";" ";" ";"2011";1577
" ";" ";" ";"2012";1596
" ";" ";" ";"2013";1598
" ";" ";" ";"2014";1640
" ";" ";"10-14 let"
" ";" ";" ";"2010";1752
" ";" ";" ";"2011";1734
" ";" ";" ";"2012";1709
" ";" ";" ";"2013";1678
" ";" ";" ";"2014";1649
" ";" ";"15-19 let"
" ";" ";" ";"2010";1854
" ";" ";" ";"2011";1773
" ";" ";" ";"2012";1721
" ";" ";" ";"2013";1685
" ";" ";" ";"2014";1609
" ";" ";"20-24 let"
" ";" ";" ";"2010";1991
" ";" ";" ";"2011";1874
" ";" ";" ";"2012";1777
" ";" ";" ";"2013";1615
" ";" ";" ";"2014";1482
" ";" ";"25-29 let"
" ";" ";" ";"2010";2377
" ";" ";" ";"2011";2345
" ";" ";" ";"2012";2323
" ";" ";" ";"2013";2333
" ";" ";" ";"2014";2261
" ";" ";"30-34 let"
" ";" ";" ";"2010";2661
" ";" ";" ";"2011";2583
" ";" ";" ";"2012";2501
" ";" ";" ";"2013";2370
" ";" ";" ";"2014";2311
" ";" ";"35-39 let"
" ";" ";" ";"2010";2375
" ";" ";" ";"2011";2467
" ";" ";" ";"2012";2518
" ";" ";" ";"2013";2558
" ";" ";" ";"2014";2518
" ";" ";"40-44 let"
" ";" ";" ";"2010";2805
" ";" ";" ";"2011";2662
" ";" ";" ";"2012";2559
" ";" ";" ";"2013";2452
" ";" ";" ";"2014";2411
" ";" ";"45-49 let"
" ";" ";" ";"2010";2810
" ";" ";" ";"2011";2831
" ";" ";" ";"2012";2819
" ";" ";" ";"2013";2826
" ";" ";" ";"2014";2801
" ";" ";"50-54 let"
" ";" ";" ";"2010";2816
" ";" ";" ";"2011";2789
" ";" ";" ";"2012";2803
" ";" ";" ";"2013";2754
" ";" ";" ";"2014";2727
" ";" ";"55-59 let"
" ";" ";" ";"2010";2570
" ";" ";" ";"2011";2663
" ";" ";" ";"2012";2779
" ";" ";" ";"2013";2832
" ";" ";" ";"2014";2814
" ";" ";"60-64 let"
" ";" ";" ";"2010";1905
" ";" ";" ";"2011";2030
" ";" ";" ";"2012";2090
" ";" ";" ";"2013";2210
" ";" ";" ";"2014";2364
" ";" ";"65-69 let"
" ";" ";" ";"2010";1991
" ";" ";" ";"2011";1899
" ";" ";" ";"2012";1911
" ";" ";" ";"2013";1879
" ";" ";" ";"2014";1806
" ";" ";"70-74 let"
" ";" ";" ";"2010";1647
" ";" ";" ";"2011";1663
" ";" ";" ";"2012";1662
" ";" ";" ";"2013";1753
" ";" ";" ";"2014";1852
" ";" ";"75-79 let"
" ";" ";" ";"2010";1553
" ";" ";" ";"2011";1555
" ";" ";" ";"2012";1535
" ";" ";" ";"2013";1501
" ";" ";" ";"2014";1486
" ";" ";"80-84 let"
" ";" ";" ";"2010";1061
" ";" ";" ";"2011";1112
" ";" ";" ";"2012";1168
" ";" ";" ";"2013";1195
" ";" ";" ";"2014";1223
" ";" ";"85-89 let"
" ";" ";" ";"2010";554
" ";" ";" ";"2011";583
" ";" ";" ";"2012";583
" ";" ";" ";"2013";604
" ";" ";" ";"2014";639
" ";" ";"90-94 let"
" ";" ";" ";"2010";135
" ";" ";" ";"2011";157
" ";" ";" ";"2012";184
" ";" ";" ";"2013";207
" ";" ";" ";"2014";232
" ";" ";"95-99 let"
" ";" ";" ";"2010";39
" ";" ";" ";"2011";36
" ";" ";" ";"2012";31
" ";" ";" ";"2013";33
" ";" ";" ";"2014";32
" ";" ";"100 + let"
" ";" ";" ";"2010";3
" ";" ";" ";"2011";7
" ";" ";" ";"2012";3
" ";" ";" ";"2013";1
" ";" ";" ";"2014";3
" ";"Savinjska"
" ";" ";"0-4 let"
" ";" ";" ";"2010";6264
" ";" ";" ";"2011";6542
" ";" ";" ";"2012";6804
" ";" ";" ";"2013";6840
" ";" ";" ";"2014";6809
" ";" ";"5-9 let"
" ";" ";" ";"2010";5824
" ";" ";" ";"2011";5750
" ";" ";" ";"2012";5763
" ";" ";" ";"2013";5938
" ";" ";" ";"2014";6197
" ";" ";"10-14 let"
" ";" ";" ";"2010";6041
" ";" ";" ";"2011";5998
" ";" ";" ";"2012";5912
" ";" ";" ";"2013";5857
" ";" ";" ";"2014";5847
" ";" ";"15-19 let"
" ";" ";" ";"2010";6557
" ";" ";" ";"2011";6262
" ";" ";" ";"2012";6160
" ";" ";" ";"2013";6029
" ";" ";" ";"2014";5765
" ";" ";"20-24 let"
" ";" ";" ";"2010";7283
" ";" ";" ";"2011";7046
" ";" ";" ";"2012";6759
" ";" ";" ";"2013";6217
" ";" ";" ";"2014";5461
" ";" ";"25-29 let"
" ";" ";" ";"2010";9238
" ";" ";" ";"2011";8922
" ";" ";" ";"2012";8701
" ";" ";" ";"2013";8577
" ";" ";" ";"2014";8374
" ";" ";"30-34 let"
" ";" ";" ";"2010";9470
" ";" ";" ";"2011";9495
" ";" ";" ";"2012";9505
" ";" ";" ";"2013";9425
" ";" ";" ";"2014";9298
" ";" ";"35-39 let"
" ";" ";" ";"2010";8833
" ";" ";" ";"2011";9032
" ";" ";" ";"2012";9057
" ";" ";" ";"2013";9202
" ";" ";" ";"2014";9242
" ";" ";"40-44 let"
" ";" ";" ";"2010";9720
" ";" ";" ";"2011";9453
" ";" ";" ";"2012";9091
" ";" ";" ";"2013";8790
" ";" ";" ";"2014";8791
" ";" ";"45-49 let"
" ";" ";" ";"2010";10083
" ";" ";" ";"2011";10091
" ";" ";" ";"2012";10159
" ";" ";" ";"2013";10162
" ";" ";" ";"2014";9941
" ";" ";"50-54 let"
" ";" ";" ";"2010";9997
" ";" ";" ";"2011";9985
" ";" ";" ";"2012";9971
" ";" ";" ";"2013";9906
" ";" ";" ";"2014";10019
" ";" ";"55-59 let"
" ";" ";" ";"2010";8867
" ";" ";" ";"2011";9086
" ";" ";" ";"2012";9391
" ";" ";" ";"2013";9592
" ";" ";" ";"2014";9679
" ";" ";"60-64 let"
" ";" ";" ";"2010";6935
" ";" ";" ";"2011";7593
" ";" ";" ";"2012";7856
" ";" ";" ";"2013";8124
" ";" ";" ";"2014";8419
" ";" ";"65-69 let"
" ";" ";" ";"2010";6846
" ";" ";" ";"2011";6579
" ";" ";" ";"2012";6739
" ";" ";" ";"2013";6674
" ";" ";" ";"2014";6560
" ";" ";"70-74 let"
" ";" ";" ";"2010";6096
" ";" ";" ";"2011";6062
" ";" ";" ";"2012";5878
" ";" ";" ";"2013";6050
" ";" ";" ";"2014";6342
" ";" ";"75-79 let"
" ";" ";" ";"2010";5450
" ";" ";" ";"2011";5419
" ";" ";" ";"2012";5454
" ";" ";" ";"2013";5417
" ";" ";" ";"2014";5412
" ";" ";"80-84 let"
" ";" ";" ";"2010";3900
" ";" ";" ";"2011";4068
" ";" ";" ";"2012";4146
" ";" ";" ";"2013";4199
" ";" ";" ";"2014";4223
" ";" ";"85-89 let"
" ";" ";" ";"2010";2081
" ";" ";" ";"2011";2258
" ";" ";" ";"2012";2360
" ";" ";" ";"2013";2442
" ";" ";" ";"2014";2470
" ";" ";"90-94 let"
" ";" ";" ";"2010";435
" ";" ";" ";"2011";515
" ";" ";" ";"2012";642
" ";" ";" ";"2013";734
" ";" ";" ";"2014";840
" ";" ";"95-99 let"
" ";" ";" ";"2010";126
" ";" ";" ";"2011";114
" ";" ";" ";"2012";101
" ";" ";" ";"2013";102
" ";" ";" ";"2014";95
" ";" ";"100 + let"
" ";" ";" ";"2010";12
" ";" ";" ";"2011";15
" ";" ";" ";"2012";13
" ";" ";" ";"2013";11
" ";" ";" ";"2014";15
" ";"Zasavska"
" ";" ";"0-4 let"
" ";" ";" ";"2010";980
" ";" ";" ";"2011";992
" ";" ";" ";"2012";1009
" ";" ";" ";"2013";961
" ";" ";" ";"2014";968
" ";" ";"5-9 let"
" ";" ";" ";"2010";821
" ";" ";" ";"2011";823
" ";" ";" ";"2012";836
" ";" ";" ";"2013";878
" ";" ";" ";"2014";884
" ";" ";"10-14 let"
" ";" ";" ";"2010";948
" ";" ";" ";"2011";888
" ";" ";" ";"2012";885
" ";" ";" ";"2013";850
" ";" ";" ";"2014";817
" ";" ";"15-19 let"
" ";" ";" ";"2010";1066
" ";" ";" ";"2011";1049
" ";" ";" ";"2012";990
" ";" ";" ";"2013";954
" ";" ";" ";"2014";923
" ";" ";"20-24 let"
" ";" ";" ";"2010";1413
" ";" ";" ";"2011";1309
" ";" ";" ";"2012";1218
" ";" ";" ";"2013";1084
" ";" ";" ";"2014";968
" ";" ";"25-29 let"
" ";" ";" ";"2010";1525
" ";" ";" ";"2011";1472
" ";" ";" ";"2012";1448
" ";" ";" ";"2013";1462
" ";" ";" ";"2014";1399
" ";" ";"30-34 let"
" ";" ";" ";"2010";1541
" ";" ";" ";"2011";1543
" ";" ";" ";"2012";1547
" ";" ";" ";"2013";1470
" ";" ";" ";"2014";1423
" ";" ";"35-39 let"
" ";" ";" ";"2010";1325
" ";" ";" ";"2011";1371
" ";" ";" ";"2012";1367
" ";" ";" ";"2013";1393
" ";" ";" ";"2014";1422
" ";" ";"40-44 let"
" ";" ";" ";"2010";1646
" ";" ";" ";"2011";1526
" ";" ";" ";"2012";1420
" ";" ";" ";"2013";1362
" ";" ";" ";"2014";1322
" ";" ";"45-49 let"
" ";" ";" ";"2010";1855
" ";" ";" ";"2011";1796
" ";" ";" ";"2012";1775
" ";" ";" ";"2013";1745
" ";" ";" ";"2014";1652
" ";" ";"50-54 let"
" ";" ";" ";"2010";1873
" ";" ";" ";"2011";1883
" ";" ";" ";"2012";1839
" ";" ";" ";"2013";1813
" ";" ";" ";"2014";1841
" ";" ";"55-59 let"
" ";" ";" ";"2010";1638
" ";" ";" ";"2011";1659
" ";" ";" ";"2012";1763
" ";" ";" ";"2013";1789
" ";" ";" ";"2014";1786
" ";" ";"60-64 let"
" ";" ";" ";"2010";1261
" ";" ";" ";"2011";1432
" ";" ";" ";"2012";1448
" ";" ";" ";"2013";1477
" ";" ";" ";"2014";1553
" ";" ";"65-69 let"
" ";" ";" ";"2010";1282
" ";" ";" ";"2011";1193
" ";" ";" ";"2012";1182
" ";" ";" ";"2013";1179
" ";" ";" ";"2014";1135
" ";" ";"70-74 let"
" ";" ";" ";"2010";1040
" ";" ";" ";"2011";1068
" ";" ";" ";"2012";1078
" ";" ";" ";"2013";1134
" ";" ";" ";"2014";1190
" ";" ";"75-79 let"
" ";" ";" ";"2010";1105
" ";" ";" ";"2011";1040
" ";" ";" ";"2012";997
" ";" ";" ";"2013";943
" ";" ";" ";"2014";931
" ";" ";"80-84 let"
" ";" ";" ";"2010";891
" ";" ";" ";"2011";902
" ";" ";" ";"2012";887
" ";" ";" ";"2013";918
" ";" ";" ";"2014";886
" ";" ";"85-89 let"
" ";" ";" ";"2010";471
" ";" ";" ";"2011";489
" ";" ";" ";"2012";562
" ";" ";" ";"2013";556
" ";" ";" ";"2014";585
" ";" ";"90-94 let"
" ";" ";" ";"2010";87
" ";" ";" ";"2011";108
" ";" ";" ";"2012";129
" ";" ";" ";"2013";167
" ";" ";" ";"2014";190
" ";" ";"95-99 let"
" ";" ";" ";"2010";40
" ";" ";" ";"2011";36
" ";" ";" ";"2012";25
" ";" ";" ";"2013";23
" ";" ";" ";"2014";21
" ";" ";"100 + let"
" ";" ";" ";"2010";5
" ";" ";" ";"2011";6
" ";" ";" ";"2012";8
" ";" ";" ";"2013";4
" ";" ";" ";"2014";1
" ";"Posavska"
" ";" ";"0-4 let"
" ";" ";" ";"2010";1587
" ";" ";" ";"2011";1664
" ";" ";" ";"2012";1695
" ";" ";" ";"2013";1774
" ";" ";" ";"2014";1770
" ";" ";"5-9 let"
" ";" ";" ";"2010";1514
" ";" ";" ";"2011";1508
" ";" ";" ";"2012";1528
" ";" ";" ";"2013";1528
" ";" ";" ";"2014";1614
" ";" ";"10-14 let"
" ";" ";" ";"2010";1595
" ";" ";" ";"2011";1606
" ";" ";" ";"2012";1607
" ";" ";" ";"2013";1572
" ";" ";" ";"2014";1533
" ";" ";"15-19 let"
" ";" ";" ";"2010";1699
" ";" ";" ";"2011";1605
" ";" ";" ";"2012";1558
" ";" ";" ";"2013";1555
" ";" ";" ";"2014";1475
" ";" ";"20-24 let"
" ";" ";" ";"2010";1899
" ";" ";" ";"2011";1843
" ";" ";" ";"2012";1748
" ";" ";" ";"2013";1680
" ";" ";" ";"2014";1432
" ";" ";"25-29 let"
" ";" ";" ";"2010";2307
" ";" ";" ";"2011";2300
" ";" ";" ";"2012";2266
" ";" ";" ";"2013";2195
" ";" ";" ";"2014";2183
" ";" ";"30-34 let"
" ";" ";" ";"2010";2435
" ";" ";" ";"2011";2361
" ";" ";" ";"2012";2390
" ";" ";" ";"2013";2336
" ";" ";" ";"2014";2284
" ";" ";"35-39 let"
" ";" ";" ";"2010";2320
" ";" ";" ";"2011";2349
" ";" ";" ";"2012";2380
" ";" ";" ";"2013";2376
" ";" ";" ";"2014";2344
" ";" ";"40-44 let"
" ";" ";" ";"2010";2512
" ";" ";" ";"2011";2412
" ";" ";" ";"2012";2342
" ";" ";" ";"2013";2311
" ";" ";" ";"2014";2346
" ";" ";"45-49 let"
" ";" ";" ";"2010";2637
" ";" ";" ";"2011";2705
" ";" ";" ";"2012";2693
" ";" ";" ";"2013";2662
" ";" ";" ";"2014";2606
" ";" ";"50-54 let"
" ";" ";" ";"2010";2671
" ";" ";" ";"2011";2654
" ";" ";" ";"2012";2635
" ";" ";" ";"2013";2582
" ";" ";" ";"2014";2580
" ";" ";"55-59 let"
" ";" ";" ";"2010";2481
" ";" ";" ";"2011";2501
" ";" ";" ";"2012";2577
" ";" ";" ";"2013";2651
" ";" ";" ";"2014";2660
" ";" ";"60-64 let"
" ";" ";" ";"2010";1983
" ";" ";" ";"2011";2167
" ";" ";" ";"2012";2188
" ";" ";" ";"2013";2260
" ";" ";" ";"2014";2371
" ";" ";"65-69 let"
" ";" ";" ";"2010";1710
" ";" ";" ";"2011";1648
" ";" ";" ";"2012";1704
" ";" ";" ";"2013";1749
" ";" ";" ";"2014";1797
" ";" ";"70-74 let"
" ";" ";" ";"2010";1755
" ";" ";" ";"2011";1703
" ";" ";" ";"2012";1647
" ";" ";" ";"2013";1631
" ";" ";" ";"2014";1590
" ";" ";"75-79 let"
" ";" ";" ";"2010";1744
" ";" ";" ";"2011";1718
" ";" ";" ";"2012";1691
" ";" ";" ";"2013";1647
" ";" ";" ";"2014";1609
" ";" ";"80-84 let"
" ";" ";" ";"2010";1243
" ";" ";" ";"2011";1282
" ";" ";" ";"2012";1284
" ";" ";" ";"2013";1344
" ";" ";" ";"2014";1367
" ";" ";"85-89 let"
" ";" ";" ";"2010";688
" ";" ";" ";"2011";736
" ";" ";" ";"2012";766
" ";" ";" ";"2013";764
" ";" ";" ";"2014";791
" ";" ";"90-94 let"
" ";" ";" ";"2010";146
" ";" ";" ";"2011";164
" ";" ";" ";"2012";201
" ";" ";" ";"2013";231
" ";" ";" ";"2014";262
" ";" ";"95-99 let"
" ";" ";" ";"2010";45
" ";" ";" ";"2011";44
" ";" ";" ";"2012";43
" ";" ";" ";"2013";36
" ";" ";" ";"2014";39
" ";" ";"100 + let"
" ";" ";" ";"2010";3
" ";" ";" ";"2011";7
" ";" ";" ";"2012";6
" ";" ";" ";"2013";10
" ";" ";" ";"2014";10
" ";"Jugovzhodna Slovenija"
" ";" ";"0-4 let"
" ";" ";" ";"2010";3582
" ";" ";" ";"2011";3740
" ";" ";" ";"2012";3848
" ";" ";" ";"2013";3892
" ";" ";" ";"2014";3884
" ";" ";"5-9 let"
" ";" ";" ";"2010";3296
" ";" ";" ";"2011";3257
" ";" ";" ";"2012";3237
" ";" ";" ";"2013";3382
" ";" ";" ";"2014";3498
" ";" ";"10-14 let"
" ";" ";" ";"2010";3469
" ";" ";" ";"2011";3397
" ";" ";" ";"2012";3432
" ";" ";" ";"2013";3379
" ";" ";" ";"2014";3317
" ";" ";"15-19 let"
" ";" ";" ";"2010";3993
" ";" ";" ";"2011";3909
" ";" ";" ";"2012";3708
" ";" ";" ";"2013";3534
" ";" ";" ";"2014";3368
" ";" ";"20-24 let"
" ";" ";" ";"2010";4219
" ";" ";" ";"2011";4121
" ";" ";" ";"2012";4031
" ";" ";" ";"2013";3807
" ";" ";" ";"2014";3458
" ";" ";"25-29 let"
" ";" ";" ";"2010";5037
" ";" ";" ";"2011";4904
" ";" ";" ";"2012";4928
" ";" ";" ";"2013";4823
" ";" ";" ";"2014";4754
" ";" ";"30-34 let"
" ";" ";" ";"2010";5016
" ";" ";" ";"2011";5005
" ";" ";" ";"2012";4989
" ";" ";" ";"2013";5036
" ";" ";" ";"2014";4962
" ";" ";"35-39 let"
" ";" ";" ";"2010";4521
" ";" ";" ";"2011";4699
" ";" ";" ";"2012";4730
" ";" ";" ";"2013";4722
" ";" ";" ";"2014";4846
" ";" ";"40-44 let"
" ";" ";" ";"2010";5102
" ";" ";" ";"2011";4802
" ";" ";" ";"2012";4659
" ";" ";" ";"2013";4566
" ";" ";" ";"2014";4504
" ";" ";"45-49 let"
" ";" ";" ";"2010";5480
" ";" ";" ";"2011";5565
" ";" ";" ";"2012";5525
" ";" ";" ";"2013";5418
" ";" ";" ";"2014";5215
" ";" ";"50-54 let"
" ";" ";" ";"2010";5266
" ";" ";" ";"2011";5267
" ";" ";" ";"2012";5318
" ";" ";" ";"2013";5260
" ";" ";" ";"2014";5409
" ";" ";"55-59 let"
" ";" ";" ";"2010";4597
" ";" ";" ";"2011";4804
" ";" ";" ";"2012";4947
" ";" ";" ";"2013";5149
" ";" ";" ";"2014";5217
" ";" ";"60-64 let"
" ";" ";" ";"2010";3457
" ";" ";" ";"2011";3806
" ";" ";" ";"2012";3997
" ";" ";" ";"2013";4138
" ";" ";" ";"2014";4305
" ";" ";"65-69 let"
" ";" ";" ";"2010";3114
" ";" ";" ";"2011";2910
" ";" ";" ";"2012";2911
" ";" ";" ";"2013";2961
" ";" ";" ";"2014";3098
" ";" ";"70-74 let"
" ";" ";" ";"2010";3330
" ";" ";" ";"2011";3306
" ";" ";" ";"2012";3230
" ";" ";" ";"2013";3240
" ";" ";" ";"2014";3136
" ";" ";"75-79 let"
" ";" ";" ";"2010";3187
" ";" ";" ";"2011";3209
" ";" ";" ";"2012";3194
" ";" ";" ";"2013";3113
" ";" ";" ";"2014";3066
" ";" ";"80-84 let"
" ";" ";" ";"2010";2268
" ";" ";" ";"2011";2333
" ";" ";" ";"2012";2411
" ";" ";" ";"2013";2504
" ";" ";" ";"2014";2566
" ";" ";"85-89 let"
" ";" ";" ";"2010";1182
" ";" ";" ";"2011";1277
" ";" ";" ";"2012";1362
" ";" ";" ";"2013";1434
" ";" ";" ";"2014";1520
" ";" ";"90-94 let"
" ";" ";" ";"2010";253
" ";" ";" ";"2011";294
" ";" ";" ";"2012";366
" ";" ";" ";"2013";434
" ";" ";" ";"2014";475
" ";" ";"95-99 let"
" ";" ";" ";"2010";97
" ";" ";" ";"2011";86
" ";" ";" ";"2012";80
" ";" ";" ";"2013";61
" ";" ";" ";"2014";58
" ";" ";"100 + let"
" ";" ";" ";"2010";14
" ";" ";" ";"2011";12
" ";" ";" ";"2012";12
" ";" ";" ";"2013";15
" ";" ";" ";"2014";19
" ";"Osrednjeslovenska"
" ";" ";"0-4 let"
" ";" ";" ";"2010";14131
" ";" ";" ";"2011";14878
" ";" ";" ";"2012";15325
" ";" ";" ";"2013";15684
" ";" ";" ";"2014";15511
" ";" ";"5-9 let"
" ";" ";" ";"2010";11713
" ";" ";" ";"2011";11836
" ";" ";" ";"2012";12225
" ";" ";" ";"2013";12741
" ";" ";" ";"2014";13644
" ";" ";"10-14 let"
" ";" ";" ";"2010";11476
" ";" ";" ";"2011";11570
" ";" ";" ";"2012";11549
" ";" ";" ";"2013";11593
" ";" ";" ";"2014";11681
" ";" ";"15-19 let"
" ";" ";" ";"2010";13589
" ";" ";" ";"2011";13220
" ";" ";" ";"2012";13098
" ";" ";" ";"2013";13342
" ";" ";" ";"2014";13304
" ";" ";"20-24 let"
" ";" ";" ";"2010";19194
" ";" ";" ";"2011";19081
" ";" ";" ";"2012";18565
" ";" ";" ";"2013";18420
" ";" ";" ";"2014";18810
" ";" ";"25-29 let"
" ";" ";" ";"2010";18650
" ";" ";" ";"2011";18272
" ";" ";" ";"2012";17942
" ";" ";" ";"2013";18036
" ";" ";" ";"2014";18015
" ";" ";"30-34 let"
" ";" ";" ";"2010";20268
" ";" ";" ";"2011";20639
" ";" ";" ";"2012";20553
" ";" ";" ";"2013";20533
" ";" ";" ";"2014";20327
" ";" ";"35-39 let"
" ";" ";" ";"2010";19117
" ";" ";" ";"2011";19490
" ";" ";" ";"2012";20209
" ";" ";" ";"2013";20338
" ";" ";" ";"2014";20612
" ";" ";"40-44 let"
" ";" ";" ";"2010";19922
" ";" ";" ";"2011";19449
" ";" ";" ";"2012";19146
" ";" ";" ";"2013";19156
" ";" ";" ";"2014";19255
" ";" ";"45-49 let"
" ";" ";" ";"2010";19234
" ";" ";" ";"2011";19626
" ";" ";" ";"2012";19901
" ";" ";" ";"2013";20189
" ";" ";" ";"2014";20035
" ";" ";"50-54 let"
" ";" ";" ";"2010";18750
" ";" ";" ";"2011";18555
" ";" ";" ";"2012";18489
" ";" ";" ";"2013";18463
" ";" ";" ";"2014";18686
" ";" ";"55-59 let"
" ";" ";" ";"2010";18899
" ";" ";" ";"2011";18946
" ";" ";" ";"2012";18906
" ";" ";" ";"2013";18825
" ";" ";" ";"2014";18546
" ";" ";"60-64 let"
" ";" ";" ";"2010";14765
" ";" ";" ";"2011";16274
" ";" ";" ";"2012";16926
" ";" ";" ";"2013";17375
" ";" ";" ";"2014";17723
" ";" ";"65-69 let"
" ";" ";" ";"2010";12956
" ";" ";" ";"2011";12333
" ";" ";" ";"2012";12615
" ";" ";" ";"2013";12872
" ";" ";" ";"2014";13431
" ";" ";"70-74 let"
" ";" ";" ";"2010";12114
" ";" ";" ";"2011";12290
" ";" ";" ";"2012";12406
" ";" ";" ";"2013";12594
" ";" ";" ";"2014";12454
" ";" ";"75-79 let"
" ";" ";" ";"2010";10967
" ";" ";" ";"2011";10711
" ";" ";" ";"2012";10797
" ";" ";" ";"2013";10765
" ";" ";" ";"2014";10901
" ";" ";"80-84 let"
" ";" ";" ";"2010";8075
" ";" ";" ";"2011";8402
" ";" ";" ";"2012";8587
" ";" ";" ";"2013";8774
" ";" ";" ";"2014";8926
" ";" ";"85-89 let"
" ";" ";" ";"2010";4567
" ";" ";" ";"2011";4900
" ";" ";" ";"2012";5043
" ";" ";" ";"2013";5247
" ";" ";" ";"2014";5369
" ";" ";"90-94 let"
" ";" ";" ";"2010";1165
" ";" ";" ";"2011";1351
" ";" ";" ";"2012";1615
" ";" ";" ";"2013";1825
" ";" ";" ";"2014";2094
" ";" ";"95-99 let"
" ";" ";" ";"2010";422
" ";" ";" ";"2011";387
" ";" ";" ";"2012";363
" ";" ";" ";"2013";316
" ";" ";" ";"2014";309
" ";" ";"100 + let"
" ";" ";" ";"2010";59
" ";" ";" ";"2011";56
" ";" ";" ";"2012";53
" ";" ";" ";"2013";58
" ";" ";" ";"2014";65
" ";"Gorenjska"
" ";" ";"0-4 let"
" ";" ";" ";"2010";5236
" ";" ";" ";"2011";5509
" ";" ";" ";"2012";5612
" ";" ";" ";"2013";5598
" ";" ";" ";"2014";5565
" ";" ";"5-9 let"
" ";" ";" ";"2010";4689
" ";" ";" ";"2011";4684
" ";" ";" ";"2012";4834
" ";" ";" ";"2013";4911
" ";" ";" ";"2014";5169
" ";" ";"10-14 let"
" ";" ";" ";"2010";4807
" ";" ";" ";"2011";4788
" ";" ";" ";"2012";4687
" ";" ";" ";"2013";4710
" ";" ";" ";"2014";4633
" ";" ";"15-19 let"
" ";" ";" ";"2010";5288
" ";" ";" ";"2011";5098
" ";" ";" ";"2012";4953
" ";" ";" ";"2013";4863
" ";" ";" ";"2014";4786
" ";" ";"20-24 let"
" ";" ";" ";"2010";6244
" ";" ";" ";"2011";6047
" ";" ";" ";"2012";5898
" ";" ";" ";"2013";5478
" ";" ";" ";"2014";5126
" ";" ";"25-29 let"
" ";" ";" ";"2010";7304
" ";" ";" ";"2011";7071
" ";" ";" ";"2012";6857
" ";" ";" ";"2013";6707
" ";" ";" ";"2014";6552
" ";" ";"30-34 let"
" ";" ";" ";"2010";7281
" ";" ";" ";"2011";7359
" ";" ";" ";"2012";7281
" ";" ";" ";"2013";7302
" ";" ";" ";"2014";7224
" ";" ";"35-39 let"
" ";" ";" ";"2010";7084
" ";" ";" ";"2011";7099
" ";" ";" ";"2012";7255
" ";" ";" ";"2013";7180
" ";" ";" ";"2014";7204
" ";" ";"40-44 let"
" ";" ";" ";"2010";7340
" ";" ";" ";"2011";7233
" ";" ";" ";"2012";7097
" ";" ";" ";"2013";7013
" ";" ";" ";"2014";6977
" ";" ";"45-49 let"
" ";" ";" ";"2010";7458
" ";" ";" ";"2011";7457
" ";" ";" ";"2012";7510
" ";" ";" ";"2013";7518
" ";" ";" ";"2014";7405
" ";" ";"50-54 let"
" ";" ";" ";"2010";7204
" ";" ";" ";"2011";7256
" ";" ";" ";"2012";7298
" ";" ";" ";"2013";7289
" ";" ";" ";"2014";7295
" ";" ";"55-59 let"
" ";" ";" ";"2010";7033
" ";" ";" ";"2011";7084
" ";" ";" ";"2012";7172
" ";" ";" ";"2013";7129
" ";" ";" ";"2014";7132
" ";" ";"60-64 let"
" ";" ";" ";"2010";5580
" ";" ";" ";"2011";6152
" ";" ";" ";"2012";6382
" ";" ";" ";"2013";6579
" ";" ";" ";"2014";6735
" ";" ";"65-69 let"
" ";" ";" ";"2010";5323
" ";" ";" ";"2011";4956
" ";" ";" ";"2012";4948
" ";" ";" ";"2013";5099
" ";" ";" ";"2014";5161
" ";" ";"70-74 let"
" ";" ";" ";"2010";4801
" ";" ";" ";"2011";4884
" ";" ";" ";"2012";4916
" ";" ";" ";"2013";4949
" ";" ";" ";"2014";5007
" ";" ";"75-79 let"
" ";" ";" ";"2010";4428
" ";" ";" ";"2011";4384
" ";" ";" ";"2012";4387
" ";" ";" ";"2013";4345
" ";" ";" ";"2014";4370
" ";" ";"80-84 let"
" ";" ";" ";"2010";3246
" ";" ";" ";"2011";3335
" ";" ";" ";"2012";3465
" ";" ";" ";"2013";3592
" ";" ";" ";"2014";3614
" ";" ";"85-89 let"
" ";" ";" ";"2010";1704
" ";" ";" ";"2011";1876
" ";" ";" ";"2012";1936
" ";" ";" ";"2013";2046
" ";" ";" ";"2014";2152
" ";" ";"90-94 let"
" ";" ";" ";"2010";450
" ";" ";" ";"2011";512
" ";" ";" ";"2012";597
" ";" ";" ";"2013";692
" ";" ";" ";"2014";757
" ";" ";"95-99 let"
" ";" ";" ";"2010";141
" ";" ";" ";"2011";137
" ";" ";" ";"2012";136
" ";" ";" ";"2013";114
" ";" ";" ";"2014";110
" ";" ";"100 + let"
" ";" ";" ";"2010";15
" ";" ";" ";"2011";25
" ";" ";" ";"2012";26
" ";" ";" ";"2013";28
" ";" ";" ";"2014";25
" ";"Primorsko-notranjska"
" ";" ";"0-4 let"
" ";" ";" ";"2010";1255
" ";" ";" ";"2011";1291
" ";" ";" ";"2012";1345
" ";" ";" ";"2013";1417
" ";" ";" ";"2014";1414
" ";" ";"5-9 let"
" ";" ";" ";"2010";1134
" ";" ";" ";"2011";1113
" ";" ";" ";"2012";1157
" ";" ";" ";"2013";1169
" ";" ";" ";"2014";1261
" ";" ";"10-14 let"
" ";" ";" ";"2010";1181
" ";" ";" ";"2011";1191
" ";" ";" ";"2012";1159
" ";" ";" ";"2013";1143
" ";" ";" ";"2014";1159
" ";" ";"15-19 let"
" ";" ";" ";"2010";1255
" ";" ";" ";"2011";1196
" ";" ";" ";"2012";1151
" ";" ";" ";"2013";1118
" ";" ";" ";"2014";1103
" ";" ";"20-24 let"
" ";" ";" ";"2010";1411
" ";" ";" ";"2011";1347
" ";" ";" ";"2012";1280
" ";" ";" ";"2013";1216
" ";" ";" ";"2014";1070
" ";" ";"25-29 let"
" ";" ";" ";"2010";1854
" ";" ";" ";"2011";1791
" ";" ";" ";"2012";1790
" ";" ";" ";"2013";1754
" ";" ";" ";"2014";1686
" ";" ";"30-34 let"
" ";" ";" ";"2010";1865
" ";" ";" ";"2011";1924
" ";" ";" ";"2012";1872
" ";" ";" ";"2013";1847
" ";" ";" ";"2014";1830
" ";" ";"35-39 let"
" ";" ";" ";"2010";1739
" ";" ";" ";"2011";1765
" ";" ";" ";"2012";1812
" ";" ";" ";"2013";1861
" ";" ";" ";"2014";1875
" ";" ";"40-44 let"
" ";" ";" ";"2010";1832
" ";" ";" ";"2011";1739
" ";" ";" ";"2012";1678
" ";" ";" ";"2013";1675
" ";" ";" ";"2014";1706
" ";" ";"45-49 let"
" ";" ";" ";"2010";1889
" ";" ";" ";"2011";1885
" ";" ";" ";"2012";1885
" ";" ";" ";"2013";1887
" ";" ";" ";"2014";1876
" ";" ";"50-54 let"
" ";" ";" ";"2010";1848
" ";" ";" ";"2011";1858
" ";" ";" ";"2012";1908
" ";" ";" ";"2013";1859
" ";" ";" ";"2014";1853
" ";" ";"55-59 let"
" ";" ";" ";"2010";1842
" ";" ";" ";"2011";1901
" ";" ";" ";"2012";1873
" ";" ";" ";"2013";1874
" ";" ";" ";"2014";1826
" ";" ";"60-64 let"
" ";" ";" ";"2010";1406
" ";" ";" ";"2011";1595
" ";" ";" ";"2012";1665
" ";" ";" ";"2013";1711
" ";" ";" ";"2014";1788
" ";" ";"65-69 let"
" ";" ";" ";"2010";1260
" ";" ";" ";"2011";1101
" ";" ";" ";"2012";1136
" ";" ";" ";"2013";1166
" ";" ";" ";"2014";1254
" ";" ";"70-74 let"
" ";" ";" ";"2010";1239
" ";" ";" ";"2011";1294
" ";" ";" ";"2012";1275
" ";" ";" ";"2013";1320
" ";" ";" ";"2014";1300
" ";" ";"75-79 let"
" ";" ";" ";"2010";1185
" ";" ";" ";"2011";1159
" ";" ";" ";"2012";1156
" ";" ";" ";"2013";1103
" ";" ";" ";"2014";1122
" ";" ";"80-84 let"
" ";" ";" ";"2010";922
" ";" ";" ";"2011";942
" ";" ";" ";"2012";985
" ";" ";" ";"2013";965
" ";" ";" ";"2014";953
" ";" ";"85-89 let"
" ";" ";" ";"2010";574
" ";" ";" ";"2011";582
" ";" ";" ";"2012";594
" ";" ";" ";"2013";630
" ";" ";" ";"2014";641
" ";" ";"90-94 let"
" ";" ";" ";"2010";137
" ";" ";" ";"2011";176
" ";" ";" ";"2012";197
" ";" ";" ";"2013";226
" ";" ";" ";"2014";242
" ";" ";"95-99 let"
" ";" ";" ";"2010";44
" ";" ";" ";"2011";39
" ";" ";" ";"2012";39
" ";" ";" ";"2013";30
" ";" ";" ";"2014";38
" ";" ";"100 + let"
" ";" ";" ";"2010";3
" ";" ";" ";"2011";6
" ";" ";" ";"2012";5
" ";" ";" ";"2013";6
" ";" ";" ";"2014";8
" ";"Goriška"
" ";" ";"0-4 let"
" ";" ";" ";"2010";2787
" ";" ";" ";"2011";2892
" ";" ";" ";"2012";3015
" ";" ";" ";"2013";3084
" ";" ";" ";"2014";3105
" ";" ";"5-9 let"
" ";" ";" ";"2010";2458
" ";" ";" ";"2011";2451
" ";" ";" ";"2012";2488
" ";" ";" ";"2013";2553
" ";" ";" ";"2014";2724
" ";" ";"10-14 let"
" ";" ";" ";"2010";2635
" ";" ";" ";"2011";2659
" ";" ";" ";"2012";2608
" ";" ";" ";"2013";2575
" ";" ";" ";"2014";2500
" ";" ";"15-19 let"
" ";" ";" ";"2010";2929
" ";" ";" ";"2011";2821
" ";" ";" ";"2012";2724
" ";" ";" ";"2013";2610
" ";" ";" ";"2014";2481
" ";" ";"20-24 let"
" ";" ";" ";"2010";2840
" ";" ";" ";"2011";2760
" ";" ";" ";"2012";2721
" ";" ";" ";"2013";2618
" ";" ";" ";"2014";2201
" ";" ";"25-29 let"
" ";" ";" ";"2010";3743
" ";" ";" ";"2011";3620
" ";" ";" ";"2012";3508
" ";" ";" ";"2013";3454
" ";" ";" ";"2014";3434
" ";" ";"30-34 let"
" ";" ";" ";"2010";4305
" ";" ";" ";"2011";4300
" ";" ";" ";"2012";4174
" ";" ";" ";"2013";4048
" ";" ";" ";"2014";3860
" ";" ";"35-39 let"
" ";" ";" ";"2010";3966
" ";" ";" ";"2011";4031
" ";" ";" ";"2012";4175
" ";" ";" ";"2013";4167
" ";" ";" ";"2014";4208
" ";" ";"40-44 let"
" ";" ";" ";"2010";4174
" ";" ";" ";"2011";4152
" ";" ";" ";"2012";4036
" ";" ";" ";"2013";4023
" ";" ";" ";"2014";3995
" ";" ";"45-49 let"
" ";" ";" ";"2010";4161
" ";" ";" ";"2011";4148
" ";" ";" ";"2012";4205
" ";" ";" ";"2013";4223
" ";" ";" ";"2014";4206
" ";" ";"50-54 let"
" ";" ";" ";"2010";4385
" ";" ";" ";"2011";4302
" ";" ";" ";"2012";4222
" ";" ";" ";"2013";4180
" ";" ";" ";"2014";4148
" ";" ";"55-59 let"
" ";" ";" ";"2010";4557
" ";" ";" ";"2011";4521
" ";" ";" ";"2012";4522
" ";" ";" ";"2013";4464
" ";" ";" ";"2014";4363
" ";" ";"60-64 let"
" ";" ";" ";"2010";3418
" ";" ";" ";"2011";3977
" ";" ";" ";"2012";4170
" ";" ";" ";"2013";4316
" ";" ";" ";"2014";4398
" ";" ";"65-69 let"
" ";" ";" ";"2010";2965
" ";" ";" ";"2011";2613
" ";" ";" ";"2012";2589
" ";" ";" ";"2013";2659
" ";" ";" ";"2014";2909
" ";" ";"70-74 let"
" ";" ";" ";"2010";3088
" ";" ";" ";"2011";3136
" ";" ";" ";"2012";3272
" ";" ";" ";"2013";3259
" ";" ";" ";"2014";3130
" ";" ";"75-79 let"
" ";" ";" ";"2010";2886
" ";" ";" ";"2011";2830
" ";" ";" ";"2012";2784
" ";" ";" ";"2013";2785
" ";" ";" ";"2014";2842
" ";" ";"80-84 let"
" ";" ";" ";"2010";2383
" ";" ";" ";"2011";2420
" ";" ";" ";"2012";2433
" ";" ";" ";"2013";2416
" ";" ";" ";"2014";2384
" ";" ";"85-89 let"
" ";" ";" ";"2010";1383
" ";" ";" ";"2011";1455
" ";" ";" ";"2012";1490
" ";" ";" ";"2013";1544
" ";" ";" ";"2014";1599
" ";" ";"90-94 let"
" ";" ";" ";"2010";281
" ";" ";" ";"2011";361
" ";" ";" ";"2012";466
" ";" ";" ";"2013";565
" ";" ";" ";"2014";649
" ";" ";"95-99 let"
" ";" ";" ";"2010";140
" ";" ";" ";"2011";124
" ";" ";" ";"2012";103
" ";" ";" ";"2013";72
" ";" ";" ";"2014";62
" ";" ";"100 + let"
" ";" ";" ";"2010";8
" ";" ";" ";"2011";12
" ";" ";" ";"2012";17
" ";" ";" ";"2013";20
" ";" ";" ";"2014";20

"Od objave podatkov o prebivalstvu Slovenije po 1. 1. 2008 uporabljamo "
"na Statistiènem uradu Republike Slovenije (seznam "
"HREF=http://www.stat.si/StatWeb/glavnanavigacija/podatki/prikazistaro-"
"novico?IdNovice=2319 TARGET=_blank) spremenjeno statistièno "
"definicijo prebivalstva. To pomeni prelom v èasovni vrsti podatkov, "
"zato podatki po tej definiciji, torej podatki od leta 2009 dalje, "
"niso neposredno primerljivi s podatki za predhodna leta. "
" "
"Viri: Statistièni urad Republike Slovenije, Ministrstvo za notranje "
"zadeve - Centralni register prebivalstva, Ministrstvo za notranje "
"zadeve - Direktorat za upravne notranje zadeve."

"Povezane vsebine: "
"- (seznam HREF=http://www.stat.si/doc/metod_pojasnila/05-007-MP.htm "
"target=_blank) Metodološka pojasnila "
"- (seznam "
"HREF=http://www.stat.si/koledar.asp?pod=5&kon=007&DatumOd=1.1.2005&Da-"
"tumDo=Date() target=_blank) Koledar objav "
"- (seznam HREF=http://www.stat.si/metodologija_vpr.asp?pod=5&kon=007 "
"target=_blank) Vprašalniki statistiènega raziskovanja "
" "

"Podatki so teritorialno razvršèeni po uredbi o Standardni "
"klasifikaciji teritorialnih enot ((seznam "
"HREF=../database/Meta/Klas/SKTE.htm TARGET=_blank) opis in "
"pojasnila), raven SKTE 3. "
"Opombe o spremembah posameznih regij so zapisane k vsaki spremenjeni "
"regiji in so ob izpisu tabele na zaslon dostopne s klikom na ikono za "
"opombe (zvezdica). V opombah je na zaèetku naveden datum, s katerim "
"je opisana teritorialna sprememba upoštevana pri teritorialnem "
"razvršèanju enot za statistiène namene.  "
" "

"15.01.2005: Zaradi sprememb meja naselij (Marija Reka in Knezdol) in "
"obèin (Prebold in Trbovlje) sta se posledièno spremenili meji med "
"savinjsko in zasavsko statistièno regijo. Savinjska statistièna "
"regija se je zmanjšala za 0,2 km2; za prav toliko se je poveèala "
"zasavska statistièna regija.  "
" "

"15.01.2005: Zaradi sprememb meja naselij (Marija Reka in Knezdol) in "
"obèin (Prebold in Trbovlje) sta se posledièno spremenili meji med "
"savinjsko in zasavsko statistièno regijo. Savinjska statistièna "
"regija se je zmanjšala za 0,2 km2; za prav toliko se je poveèala "
"zasavska statistièna regija.  "
" "

"30. 3. 2000 je bil po Uredbi o SKTE iz dotedanje osrednjeslovenske "
"statistiène regije izloèen njen južni del (obèine Koèevje, Kostel, "
"Loški Potok, Osilnica, Ribnica, Sodražica) in pripojen k dotedanji "
"dolenjski statistièni regiji; ta se je zato poveèala (za  985 km2 ) "
"in je dobila novo ime – jugovzhodna Slovenija "
" Uradni list št. 28/00. "

"30. 3. 2000 je bil po Uredbi o SKTE iz dotedanje osrednjeslovenske "
"statistiène regije izloèen njen južni del (obèine Koèevje, Kostel, "
"Loški Potok, Osilnica, Ribnica, Sodražica) in pripojen k dotedanji "
"dolenjski statistièni regiji; ta se je zato poveèala (za  985 km2 ) "
"in je dobila novo ime – jugovzhodna Slovenija "
" Uradni list št. 28/00. "

"Starost je èas, ki ga je oseba preživela od rojstva do trenutka "
"statistiènega opazovanja. Izražena je v dopolnjenih letih starosti."

"Stanje na 1.1. "

"Podatke o prebivalstvu za stanje 1. 1. 2011 smo v Sloveniji "
"pripravili tudi v skladu z Uredbo (ES) št. 763/2008 Evropskega "
"parlamenta in Sveta z dne 9. julija 2008 o popisih prebivalstva in "
"stanovanj (Uradni list Evropske unije L 218/14, 13. avgust 2008)."

